pair_id,file1,start1,end1,file2,start2,end2,is_first_occurrence,pair_hash
1,/app/Repos/pandas/bench/io_roundtrip.py,91,100,/app/Repos/pandas/bench/io_roundtrip.py,91,100,True,fb355c97d90d7d8e82fc9097ce5d6cd6
2,/app/Repos/pandas/scripts/bench_join.py,37,44,/app/Repos/pandas/scripts/bench_join.py,44,51,True,223a0cc4dc2eed310c10f9de3f6fc3f2
3,/app/Repos/pandas/doc/sphinxext/phantom_import.py,32,163,/app/Repos/pandas/doc/sphinxext/phantom_import.py,78,92,True,3f3c07bfbc73d2906743813c4acffbc4
4,/app/Repos/pandas/scripts/groupby_sample.py,21,28,/app/Repos/pandas/scripts/groupby_sample.py,28,35,True,2dc9cd0573cc13b539fb1ce54226c86c
5,/app/Repos/pandas/scripts/bench_join.py,77,84,/app/Repos/pandas/scripts/bench_join.py,95,106,True,ebad7c5871bf644e9c2697fe102cfbde
6,/app/Repos/pandas/scripts/bench_join.py,84,95,/app/Repos/pandas/scripts/bench_join.py,95,106,True,a8b225ef5fc2de138fc5b7d422d290b7
7,/app/Repos/pandas/doc/sphinxext/autosummary.py,178,259,/app/Repos/pandas/doc/sphinxext/autosummary.py,206,221,True,b32dff8de12b1d455057e4b45dedb226
8,/app/Repos/pandas/scripts/bench_join.py,56,71,/app/Repos/pandas/scripts/bench_join.py,77,84,True,cd498348d63f0eff664ed7f5f5d6d809
9,/app/Repos/pandas/bench/test.py,12,28,/app/Repos/pandas/bench/test.py,28,42,True,c690b5ebcbe9e4f5333ca39427c185cb
10,/app/Repos/pandas/bench/bench_tseries.py,140,175,/app/Repos/pandas/bench/bench_tseries.py,164,173,True,03b4873f7a6f495f7e142bd6d471d370
11,/app/Repos/pandas/doc/sphinxext/phantom_import.py,32,163,/app/Repos/pandas/doc/sphinxext/phantom_import.py,63,76,True,ca0ae1aa0eeed7bec10b6d4db468c2a8
12,/app/Repos/pandas/scripts/bench_join.py,77,84,/app/Repos/pandas/scripts/bench_join.py,84,95,True,d99f85f92f705940c1473f276866ef51
13,/app/Repos/pandas/doc/sphinxext/docscrape_sphinx.py,36,49,/app/Repos/pandas/doc/sphinxext/docscrape_sphinx.py,57,98,True,b8b6e9fb99e7fd2efe5da3c98a3681cb
14,/app/Repos/pandas/doc/sphinxext/docscrape.py,87,112,/app/Repos/pandas/doc/sphinxext/docscrape.py,87,112,True,fdc8e94bf998882bba428a002017d816
15,/app/Repos/pandas/doc/sphinxext/compiler_unparse.py,97,105,/app/Repos/pandas/doc/sphinxext/compiler_unparse.py,167,178,True,e06d47245ae638ecd91e8a1dca21f224
16,/app/Repos/pandas/doc/sphinxext/compiler_unparse.py,156,167,/app/Repos/pandas/doc/sphinxext/compiler_unparse.py,167,178,True,c38786e64c68f8258c3dd09a9cecae35
17,/app/Repos/pandas/doc/sphinxext/compiler_unparse.py,239,253,/app/Repos/pandas/doc/sphinxext/compiler_unparse.py,321,333,True,8bc08e90c378f045d4bb53760facb07d
18,/app/Repos/pandas/doc/sphinxext/docscrape.py,369,379,/app/Repos/pandas/doc/sphinxext/docscrape.py,369,379,True,fd44c6532dfd05d89205618a75f69da9
19,/app/Repos/pandas/bench/bench_tseries.py,71,112,/app/Repos/pandas/bench/bench_tseries.py,90,109,True,5a6ac857f3d20ef619aa924c9cd19bf8
20,/app/Repos/pandas/scripts/testmed.py,29,38,/app/Repos/pandas/scripts/testmed.py,38,64,True,45a0f63ed2ae52c36555e1c03a319b3d
21,/app/Repos/pandas/doc/sphinxext/docscrape_sphinx.py,208,227,/app/Repos/pandas/doc/sphinxext/docscrape_sphinx.py,208,227,True,0264ca2e280d6e32ec41e0913e09c359
22,/app/Repos/pandas/scripts/testmed.py,38,64,/app/Repos/pandas/scripts/testmed.py,64,85,True,9511d5e2a14e22b6ddacfeac2ae3e60c
23,/app/Repos/pandas/doc/sphinxext/compiler_unparse.py,97,105,/app/Repos/pandas/doc/sphinxext/compiler_unparse.py,156,167,True,531a8145151254c0ee8621ff22b7cb67
24,/app/Repos/pandas/doc/sphinxext/autosummary.py,90,114,/app/Repos/pandas/doc/sphinxext/autosummary.py,98,112,True,d62e3004f2aba72e2fe0a449e41b1b39
25,/app/Repos/pandas/doc/sphinxext/compiler_unparse.py,288,311,/app/Repos/pandas/doc/sphinxext/compiler_unparse.py,311,321,True,7e5fc024011f4c545142debf7cf89e71
26,/app/Repos/pandas/doc/sphinxext/comment_eater.py,22,29,/app/Repos/pandas/doc/sphinxext/comment_eater.py,42,50,True,0d1c6da1235e11057c66c558cdc92180
27,/app/Repos/pandas/doc/sphinxext/docscrape.py,379,396,/app/Repos/pandas/doc/sphinxext/docscrape.py,379,396,True,72b43dc7bdb5026fe6a02115c0a423ca
28,/app/Repos/pandas/doc/sphinxext/docscrape.py,189,244,/app/Repos/pandas/doc/sphinxext/docscrape.py,199,210,True,477e9069cf41775ce3fd6128711ad727
29,/app/Repos/pandas/doc/sphinxext/docscrape_sphinx.py,175,193,/app/Repos/pandas/doc/sphinxext/docscrape_sphinx.py,175,193,True,5217c68f7b88bb793b95fc8313a37fb1
30,/app/Repos/pandas/doc/sphinxext/docscrape.py,326,336,/app/Repos/pandas/doc/sphinxext/docscrape.py,326,336,True,ae1c924f98868604e97d5e3d276edb85
30,/app/Repos/pandas/doc/sphinxext/docscrape.py,326,336,/app/Repos/pandas/doc/sphinxext/docscrape.py,326,336,False,ae1c924f98868604e97d5e3d276edb85
31,/app/Repos/pandas/doc/sphinxext/compiler_unparse.py,97,105,/app/Repos/pandas/doc/sphinxext/compiler_unparse.py,340,348,True,4764ce591474df67f5e4bd44b144bfdd
32,/app/Repos/pandas/doc/sphinxext/compiler_unparse.py,156,167,/app/Repos/pandas/doc/sphinxext/compiler_unparse.py,340,348,True,57e8c9c3379be0bba34ed05829962a7f
33,/app/Repos/pandas/doc/sphinxext/compiler_unparse.py,167,178,/app/Repos/pandas/doc/sphinxext/compiler_unparse.py,340,348,True,07e03dd1ed7b743ceb7827123186a7e5
34,/app/Repos/pandas/doc/sphinxext/compiler_unparse.py,132,145,/app/Repos/pandas/doc/sphinxext/compiler_unparse.py,462,481,True,a294b69a5b5dc30c58cf6b7772fd2012
35,/app/Repos/pandas/doc/sphinxext/compiler_unparse.py,97,105,/app/Repos/pandas/doc/sphinxext/compiler_unparse.py,367,375,True,3524315f12d0c807dc7cc18413dd4eba
36,/app/Repos/pandas/doc/sphinxext/compiler_unparse.py,156,167,/app/Repos/pandas/doc/sphinxext/compiler_unparse.py,367,375,True,6886eef8935f8912997d234f1ba332b9
37,/app/Repos/pandas/doc/sphinxext/compiler_unparse.py,167,178,/app/Repos/pandas/doc/sphinxext/compiler_unparse.py,367,375,True,af702190f9f055e6187a2925e370f112
38,/app/Repos/pandas/doc/sphinxext/compiler_unparse.py,340,348,/app/Repos/pandas/doc/sphinxext/compiler_unparse.py,367,375,True,53466010e399e9f6cac8d435e0c780b7
39,/app/Repos/pandas/bench/test.py,51,66,/app/Repos/pandas/pandas/core/frame.py,3013,3049,True,ff5ac21eee5a117f2e12070828a87468
40,/app/Repos/pandas/pandas/core/datetools.py,308,325,/app/Repos/pandas/pandas/core/datetools.py,507,536,True,78cf158cc1e225db53827c946552d7f0
41,/app/Repos/pandas/pandas/core/datetools.py,284,294,/app/Repos/pandas/pandas/core/datetools.py,540,549,True,af84de333c31fbcb782ce33cc40a7203
42,/app/Repos/pandas/pandas/core/datetools.py,187,196,/app/Repos/pandas/pandas/core/datetools.py,196,205,True,8fb0310bbc86ecdd36639b2676a1b0c6
43,/app/Repos/pandas/pandas/core/datetools.py,129,151,/app/Repos/pandas/pandas/core/datetools.py,224,242,True,15ffa4b76aaf28d68d92e1b0fe7c8838
44,/app/Repos/pandas/pandas/core/generic.py,309,345,/app/Repos/pandas/pandas/core/generic.py,348,383,True,46692972501c7050a3c4452e98541e60
45,/app/Repos/pandas/pandas/core/datetools.py,284,294,/app/Repos/pandas/pandas/core/datetools.py,468,490,True,5973cbb9429076a72ec2313fa3c541b6
46,/app/Repos/pandas/pandas/core/frame.py,80,88,/app/Repos/pandas/pandas/core/frame.py,80,88,True,f206831e3d7ac05e276dab0bfdf207a1
47,/app/Repos/pandas/pandas/core/generic.py,142,166,/app/Repos/pandas/pandas/core/generic.py,166,184,True,c17803e9ae561a08a47f0ad2c71b24ef
48,/app/Repos/pandas/pandas/core/datetools.py,335,347,/app/Repos/pandas/pandas/core/datetools.py,394,411,True,0f9d4487ac023f734adae8ec900606df
49,/app/Repos/pandas/pandas/core/panel.py,584,602,/app/Repos/pandas/pandas/core/sparse.py,1605,1634,True,005ff96053026356362fbb243730131c
50,/app/Repos/pandas/pandas/core/datetools.py,308,325,/app/Repos/pandas/pandas/core/datetools.py,468,490,True,1ef8a2dd4a956e62fab3ffb6e83a86b1
51,/app/Repos/pandas/pandas/core/frame.py,1341,1382,/app/Repos/pandas/pandas/core/frame.py,1341,1382,True,746265fc5da36f85b189bbc49d280ba4
52,/app/Repos/pandas/pandas/core/series.py,34,62,/app/Repos/pandas/pandas/core/series.py,39,60,True,1fb14063982df5ff51abf44d8b7b9957
53,/app/Repos/pandas/pandas/core/datetools.py,284,294,/app/Repos/pandas/pandas/core/datetools.py,558,567,True,76f73ff0e41add4983a4bd40c3637cb2
54,/app/Repos/pandas/pandas/core/generic.py,56,68,/app/Repos/pandas/pandas/core/generic.py,68,79,True,c4059644a1c41a0ccb1dd2b4c3dfb528
55,/app/Repos/pandas/pandas/core/panel.py,941,952,/app/Repos/pandas/pandas/core/panel.py,942,950,True,3713386567bd643dbead6002907aaaf4
56,/app/Repos/pandas/pandas/core/datetools.py,540,549,/app/Repos/pandas/pandas/core/datetools.py,558,567,True,12d426eb947d8e7d302c63d77c9e72fb
57,/app/Repos/pandas/pandas/core/internals.py,633,646,/app/Repos/pandas/pandas/core/internals.py,681,703,True,86ec604ff97bbfc84c8a62dadd43b50e
58,/app/Repos/pandas/pandas/core/internals.py,356,369,/app/Repos/pandas/pandas/core/internals.py,441,473,True,83618014954c23f33598137d9288ab86
59,/app/Repos/pandas/pandas/core/generic.py,383,400,/app/Repos/pandas/pandas/core/panel.py,870,890,True,5d50b65480eb756012697035dcc50a15
60,/app/Repos/pandas/pandas/core/panel.py,570,581,/app/Repos/pandas/pandas/core/panel.py,1199,1212,True,562af53aef7367aa31b16e0ff7bba3fa
61,/app/Repos/pandas/pandas/core/panel.py,602,619,/app/Repos/pandas/pandas/core/sparse.py,1640,1664,True,5a215664593286ea786b76951599d62a
62,/app/Repos/pandas/pandas/core/frame.py,65,73,/app/Repos/pandas/pandas/core/frame.py,65,73,True,fd905f5be7d915820e6ab4ee2c16ce9a
63,/app/Repos/pandas/pandas/core/frame.py,979,1015,/app/Repos/pandas/pandas/core/frame.py,979,1015,True,14d13f307dddf962b7090e8dd4731f01
64,/app/Repos/pandas/pandas/core/datetools.py,284,294,/app/Repos/pandas/pandas/core/datetools.py,308,325,True,00c98a7d0124caf3581cb127d7d36ce5
65,/app/Repos/pandas/pandas/core/frame.py,2608,2639,/app/Repos/pandas/pandas/core/frame.py,2608,2639,True,ba66fbaf86c7f383b747a5449f25d4bd
66,/app/Repos/pandas/pandas/core/frame.py,109,173,/app/Repos/pandas/pandas/core/frame.py,109,173,True,ea0d6880e8efed0e674b76d1574cbb63
67,/app/Repos/pandas/pandas/core/frame.py,3149,3174,/app/Repos/pandas/pandas/core/frame.py,3149,3174,True,e8f4e31e9885438098d6878e69985b2b
68,/app/Repos/pandas/pandas/core/series.py,233,246,/app/Repos/pandas/pandas/core/sparse.py,272,288,True,7eb313a78c359b5d0567075bdf7e4d11
69,/app/Repos/pandas/pandas/core/panel.py,954,965,/app/Repos/pandas/pandas/core/panel.py,967,978,True,0d77965cd3c2d95d0d55debeb79b1ec9
70,/app/Repos/pandas/pandas/core/internals.py,646,671,/app/Repos/pandas/pandas/core/sparse.py,1130,1154,True,fbfa9aa8aa15333e7d6aab83f78e025f
71,/app/Repos/pandas/pandas/core/frame.py,732,744,/app/Repos/pandas/pandas/core/frame.py,732,744,True,3b52b7dba5225133c8a1ca5a2103a3d3
72,/app/Repos/pandas/pandas/core/frame.py,2339,2387,/app/Repos/pandas/pandas/core/frame.py,2339,2387,True,38551abb9534bc0073348f94cc064c89
73,/app/Repos/pandas/pandas/core/daterange.py,360,375,/app/Repos/pandas/pandas/core/daterange.py,375,390,True,272db34a0d160708c8db96653093a0d8
74,/app/Repos/pandas/pandas/io/tests/test_parsers.py,108,116,/app/Repos/pandas/pandas/io/tests/test_parsers.py,116,124,True,bcd054dfbe22be510f1a271150417dcc
75,/app/Repos/pandas/pandas/core/daterange.py,265,299,/app/Repos/pandas/pandas/core/daterange.py,299,331,True,4a10a556ca60ac82af7f05388ab3dc11
76,/app/Repos/pandas/pandas/io/tests/test_pytables.py,67,88,/app/Repos/pandas/pandas/io/tests/test_pytables.py,88,98,True,7507c1cb2caadb551473781dcfb9aa52
77,/app/Repos/pandas/pandas/core/sparse.py,521,537,/app/Repos/pandas/pandas/core/sparse.py,554,572,True,026dee62950ca8283cb01e74a2a69632
78,/app/Repos/pandas/pandas/core/index.py,980,987,/app/Repos/pandas/pandas/core/index.py,980,987,True,b1d115c01ae29c8c8ab6adee180fb64c
79,/app/Repos/pandas/pandas/io/tests/test_pytables.py,149,169,/app/Repos/pandas/pandas/io/tests/test_pytables.py,324,343,True,85009d722a972a36730e9501ea3b2276
80,/app/Repos/pandas/pandas/io/tests/test_parsers.py,60,70,/app/Repos/pandas/pandas/io/tests/test_parsers.py,90,108,True,59538b3d5de5449fdcc850205b8cadb4
81,/app/Repos/pandas/pandas/core/groupby.py,210,233,/app/Repos/pandas/pandas/core/groupby.py,219,231,True,85ac26cc638387650fe44c751e324998
82,/app/Repos/pandas/pandas/io/tests/test_pytables.py,114,120,/app/Repos/pandas/pandas/io/tests/test_pytables.py,343,375,True,d2a7b3d1d845f3651d635f6e91b2e786
83,/app/Repos/pandas/pandas/core/indexing.py,284,323,/app/Repos/pandas/pandas/core/indexing.py,303,309,True,22a34fd591774e9c23f1f8a3d0d6679b
84,/app/Repos/pandas/pandas/core/frame.py,173,204,/app/Repos/pandas/pandas/core/frame.py,173,204,True,27b581c0c6740ef673a651044b6473cf
85,/app/Repos/pandas/pandas/io/tests/test_pytables.py,388,402,/app/Repos/pandas/pandas/io/tests/test_pytables.py,402,417,True,73983b873f3eecad7639cc4732151517
86,/app/Repos/pandas/pandas/io/tests/test_pytables.py,34,41,/app/Repos/pandas/pandas/io/tests/test_pytables.py,41,49,True,8adcd4916f519ec8c043ca55d1e3db63
87,/app/Repos/pandas/pandas/io/tests/test_pytables.py,88,98,/app/Repos/pandas/pandas/io/tests/test_pytables.py,114,120,True,96822090aba7007e3895bf700a48e4e6
88,/app/Repos/pandas/pandas/io/tests/test_pytables.py,67,88,/app/Repos/pandas/pandas/io/tests/test_pytables.py,114,120,True,f9d1545b4a3739e779e14afd3ca2425d
89,/app/Repos/pandas/pandas/io/tests/test_pytables.py,98,109,/app/Repos/pandas/pandas/io/tests/test_pytables.py,114,120,True,d0f506e330959e115dbc1cfcf21f5bd7
90,/app/Repos/pandas/pandas/io/tests/test_pytables.py,240,281,/app/Repos/pandas/pandas/io/tests/test_pytables.py,241,251,True,b29c1919a65099e2a3fab6f5d86ce5e6
91,/app/Repos/pandas/pandas/io/tests/test_parsers.py,45,60,/app/Repos/pandas/pandas/io/tests/test_parsers.py,60,70,True,d1b5e7d1c7d34cde66fc387aca7aef97
92,/app/Repos/pandas/pandas/core/sparse.py,66,93,/app/Repos/pandas/pandas/core/sparse.py,71,90,True,6295988a9e4b5f7aa420c23b1d2d43e2
93,/app/Repos/pandas/pandas/core/groupby.py,359,407,/app/Repos/pandas/pandas/core/groupby.py,364,376,True,116d5fb00984f757a1732b3cec5179dc
94,/app/Repos/pandas/pandas/core/sparse.py,1246,1275,/app/Repos/pandas/pandas/core/sparse.py,1275,1300,True,a13e89ab8ac10269a6e51fb91a7bfe2a
95,/app/Repos/pandas/pandas/tests/test_libsparse.py,66,161,/app/Repos/pandas/pandas/tests/test_libsparse.py,67,81,True,878e990726509f7044092d6f83bca0c5
96,/app/Repos/pandas/pandas/tests/test_libsparse.py,210,216,/app/Repos/pandas/pandas/tests/test_libsparse.py,248,253,True,4eda9d7d64feb8a9e33feb997e8999fa
97,/app/Repos/pandas/pandas/core/sparse.py,966,995,/app/Repos/pandas/pandas/core/sparse.py,995,1015,True,06c2c399de3c762f8111b7f8ce151586
98,/app/Repos/pandas/pandas/tests/test_libsparse.py,337,345,/app/Repos/pandas/pandas/tests/test_libsparse.py,345,353,True,b702c759a7e95295bdf8a0388a869bb0
99,/app/Repos/pandas/pandas/tests/test_common.py,152,167,/app/Repos/pandas/pandas/tests/test_common.py,153,161,True,d64a8f6743d00eea663df252b6efd932
100,/app/Repos/pandas/pandas/core/sparse.py,1664,1681,/app/Repos/pandas/pandas/core/sparse.py,1681,1701,True,bc18936bd84c25b82840aef180c05971
101,/app/Repos/pandas/pandas/tests/test_libsparse.py,161,183,/app/Repos/pandas/pandas/tests/test_libsparse.py,163,175,True,ae8ab937887f548550fe049b5356c9dd
102,/app/Repos/pandas/pandas/tests/test_libsparse.py,272,298,/app/Repos/pandas/pandas/tests/test_libsparse.py,298,336,True,d67aff9b06f73d3a42db3a3813923a13
103,/app/Repos/pandas/pandas/tests/test_common.py,190,199,/app/Repos/pandas/pandas/tests/test_common.py,199,216,True,a57cc8582d04222df9fdb35c433e8ff5
104,/app/Repos/pandas/pandas/tests/test_libsparse.py,253,266,/app/Repos/pandas/pandas/tests/test_libsparse.py,254,264,True,eff339a0370085059f611ca4510bc47e
105,/app/Repos/pandas/pandas/core/frame.py,64,79,/app/Repos/pandas/pandas/core/frame.py,65,73,True,a036c75a1b45288fe628d0f980d210de
106,/app/Repos/pandas/pandas/tests/test_common.py,12,24,/app/Repos/pandas/pandas/tests/test_common.py,24,43,True,dc075a4909abbf9f4138d438e2c2fc0f
107,/app/Repos/pandas/pandas/tests/test_common.py,106,114,/app/Repos/pandas/pandas/tests/test_common.py,114,122,True,08f3f3a71ddbcbfe486f17157190d3d1
108,/app/Repos/pandas/pandas/core/frame.py,64,79,/app/Repos/pandas/pandas/core/frame.py,79,97,True,408faa84de7e89ee7342ae78df19f477
109,/app/Repos/pandas/pandas/tests/test_libsparse.py,272,298,/app/Repos/pandas/pandas/tests/test_libsparse.py,299,332,True,d3bc83d4ab484108a3301532828f5b3e
110,/app/Repos/pandas/pandas/core/frame.py,65,73,/app/Repos/pandas/pandas/core/frame.py,79,97,True,7e27adf631aff14962735ba87a58d453
111,/app/Repos/pandas/pandas/tests/test_libsparse.py,273,296,/app/Repos/pandas/pandas/tests/test_libsparse.py,299,332,True,b55692f51214196a058a57d7fe85e54e
112,/app/Repos/pandas/pandas/tests/test_libsparse.py,298,336,/app/Repos/pandas/pandas/tests/test_libsparse.py,299,332,True,7f05e5398c4b829fb4aa9339b637b44a
113,/app/Repos/pandas/pandas/core/frame.py,1858,1902,/app/Repos/pandas/pandas/core/frame.py,1881,1892,True,bcaa672cee88f8e1e2295a94716df4c6
114,/app/Repos/pandas/pandas/tests/test_common.py,135,152,/app/Repos/pandas/pandas/tests/test_common.py,136,145,True,20525af7c854e4e9d8f3cd6b082bf32f
115,/app/Repos/pandas/pandas/core/frame.py,1520,1538,/app/Repos/pandas/pandas/core/frame.py,1538,1551,True,e86d90909bd7e79499929a6d4e1f78cd
116,/app/Repos/pandas/pandas/tests/test_common.py,152,167,/app/Repos/pandas/pandas/tests/test_common.py,167,190,True,1ae5f44284894cb1cbe159dfb5effbe5
117,/app/Repos/pandas/pandas/tests/test_libsparse.py,273,296,/app/Repos/pandas/pandas/tests/test_libsparse.py,298,336,True,b0d6aa0a2cea32a54396ac2d13ca28a3
118,/app/Repos/pandas/pandas/tests/test_common.py,153,161,/app/Repos/pandas/pandas/tests/test_common.py,167,190,True,960844664045e22af6da2cb735dc68b3
119,/app/Repos/pandas/pandas/core/frame.py,1917,1961,/app/Repos/pandas/pandas/core/frame.py,1917,1961,True,7b76f7782377f3ebc5085945e5aa0395
120,/app/Repos/pandas/pandas/tests/test_common.py,190,199,/app/Repos/pandas/pandas/tests/test_common.py,242,266,True,61a3895dcaf455f405e3379ffdb2ed46
121,/app/Repos/pandas/pandas/core/frame.py,1551,1558,/app/Repos/pandas/pandas/core/frame.py,1917,1961,True,19e1e9d9916ad847298319c000dd77a1
122,/app/Repos/pandas/pandas/tests/test_common.py,167,190,/app/Repos/pandas/pandas/tests/test_common.py,168,184,True,125e663c66953c017f0d6c5ec274b807
123,/app/Repos/pandas/pandas/tests/test_common.py,153,161,/app/Repos/pandas/pandas/tests/test_common.py,168,184,True,6867b7c1e0266e0df81a4a28e892319f
124,/app/Repos/pandas/pandas/tests/test_libsparse.py,183,208,/app/Repos/pandas/pandas/tests/test_libsparse.py,191,206,True,7ffcb936e31d2ea1da70930df8f5f15d
125,/app/Repos/pandas/pandas/tests/test_libsparse.py,272,298,/app/Repos/pandas/pandas/tests/test_libsparse.py,273,296,True,5697600f4cb91b8e259cbafab2eb0615
126,/app/Repos/pandas/pandas/core/frame.py,79,97,/app/Repos/pandas/pandas/core/frame.py,80,88,True,1fdf2ae178171f358dd143dd2bae8131
127,/app/Repos/pandas/pandas/core/frame.py,64,79,/app/Repos/pandas/pandas/core/frame.py,80,88,True,9d628c799113329705db742d2082898e
128,/app/Repos/pandas/pandas/core/frame.py,65,73,/app/Repos/pandas/pandas/core/frame.py,80,88,True,4e6b4deda4dffb42f9281a503a716561
129,/app/Repos/pandas/pandas/core/frame.py,1056,1065,/app/Repos/pandas/pandas/core/frame.py,1065,1074,True,71b8e42bc16b461cf0d0c7693f2226a6
130,/app/Repos/pandas/pandas/core/frame.py,1551,1558,/app/Repos/pandas/pandas/core/frame.py,1558,1570,True,8d96fa2e33e9059d598bd8bc95e82697
131,/app/Repos/pandas/pandas/core/frame.py,1558,1570,/app/Repos/pandas/pandas/core/frame.py,1558,1570,True,fca688e3a220210e20fc2bc1ef404f39
132,/app/Repos/pandas/pandas/core/frame.py,2441,2462,/app/Repos/pandas/pandas/core/frame.py,2462,2483,True,4424dc401a08a82601945d39445a7570
133,/app/Repos/pandas/pandas/core/frame.py,2530,2561,/app/Repos/pandas/pandas/core/frame.py,2549,2559,True,060fa0db1eddf51d4d09b9b6c33d5977
134,/app/Repos/pandas/pandas/core/frame.py,2608,2639,/app/Repos/pandas/pandas/core/frame.py,2657,2696,True,8bfe9e9cd27ea908c0a4830a35250f18
135,/app/Repos/pandas/pandas/core/index.py,367,414,/app/Repos/pandas/pandas/core/index.py,633,654,True,6468e7ce1aabd641f46612cebeac3552
136,/app/Repos/pandas/pandas/core/index.py,132,143,/app/Repos/pandas/pandas/core/index.py,998,1023,True,af52f190089619b6bf04fcfd8d896fd7
137,/app/Repos/pandas/pandas/core/index.py,143,161,/app/Repos/pandas/pandas/core/index.py,1030,1052,True,4123771f4edc68277a3288ca42dfdb27
138,/app/Repos/pandas/pandas/tests/test_daterange.py,51,56,/app/Repos/pandas/pandas/tests/test_daterange.py,56,73,True,6f4617eafa94fff178c7d2e046bb29e0
139,/app/Repos/pandas/pandas/core/index.py,183,198,/app/Repos/pandas/pandas/core/index.py,1387,1416,True,147fccab821d531760442da3bd06968c
140,/app/Repos/pandas/pandas/core/index.py,1429,1453,/app/Repos/pandas/pandas/core/index.py,1453,1476,True,1d5e92f0bfa7946063342d9de306d4fe
141,/app/Repos/pandas/pandas/tests/test_common.py,199,216,/app/Repos/pandas/pandas/tests/test_common.py,242,266,True,519d1cef6827f4aa0fa8384c18bc19d5
142,/app/Repos/pandas/pandas/core/index.py,250,291,/app/Repos/pandas/pandas/core/index.py,691,702,True,673f6fa9e87c0e13edfa97c9d9c6685a
143,/app/Repos/pandas/pandas/core/common.py,498,506,/app/Repos/pandas/pandas/core/common.py,509,517,True,f6b564cdf5814d68dc9416574309eedc
144,/app/Repos/pandas/pandas/core/index.py,533,552,/app/Repos/pandas/pandas/core/index.py,1055,1090,True,f63bbcd4a94654468c86378ad3e38462
145,/app/Repos/pandas/pandas/core/index.py,691,702,/app/Repos/pandas/pandas/core/index.py,704,713,True,ac098a3062ff176f798bbabb0a89102a
146,/app/Repos/pandas/pandas/core/index.py,297,328,/app/Repos/pandas/pandas/core/index.py,691,702,True,11399148d1faba4d363b694376a25712
147,/app/Repos/pandas/pandas/core/index.py,1387,1416,/app/Repos/pandas/pandas/core/index.py,1416,1429,True,58130ee94812c7ecaedf58cb58811a96
148,/app/Repos/pandas/pandas/core/common.py,182,229,/app/Repos/pandas/pandas/core/common.py,235,246,True,509b0a79c4010ef1137b100d947b8618
149,/app/Repos/pandas/pandas/io/sql.py,58,68,/app/Repos/pandas/pandas/io/sql.py,199,208,True,0998d3baaefb3e2d6b0c2d07139e55a2
150,/app/Repos/pandas/pandas/tests/test_daterange.py,34,41,/app/Repos/pandas/pandas/tests/test_datetools.py,538,574,True,50c8cb193cbb182b4924d10cecb19bca
151,/app/Repos/pandas/pandas/tests/test_daterange.py,34,41,/app/Repos/pandas/pandas/tests/test_datetools.py,147,192,True,700ba655247c28135b67a9e90f403f09
152,/app/Repos/pandas/pandas/core/common.py,358,381,/app/Repos/pandas/pandas/core/common.py,388,413,True,18e618b33cc9752d6f8a0770934ee452
153,/app/Repos/pandas/pandas/io/sql.py,72,92,/app/Repos/pandas/pandas/io/sql.py,166,178,True,526111b76b6bda4b5aa4c9adbb9e8fb8
154,/app/Repos/pandas/pandas/io/data.py,65,102,/app/Repos/pandas/pandas/io/data.py,102,131,True,1ce5c21ccda31d830c8b4dbf885e6734
155,/app/Repos/pandas/pandas/tests/test_daterange.py,34,41,/app/Repos/pandas/pandas/tests/test_datetools.py,334,372,True,6ecf423c62848e465e3574f78d8d3540
156,/app/Repos/pandas/pandas/tests/test_daterange.py,34,41,/app/Repos/pandas/pandas/tests/test_datetools.py,382,420,True,da0138ed6e7353c46a8f906bbbd87695
157,/app/Repos/pandas/pandas/tests/test_daterange.py,34,41,/app/Repos/pandas/pandas/tests/test_datetools.py,210,243,True,2ec5f9609a2b5d070627be51bd8234e3
158,/app/Repos/pandas/pandas/tests/test_panel.py,178,199,/app/Repos/pandas/pandas/tests/test_panel.py,993,1030,True,c65a494d36ff1847ff26823ee3ae9cda
159,/app/Repos/pandas/pandas/tests/test_daterange.py,34,41,/app/Repos/pandas/pandas/tests/test_datetools.py,438,498,True,24a5ad147262f700d0951289f314c718
160,/app/Repos/pandas/pandas/tests/test_common.py,216,226,/app/Repos/pandas/pandas/tests/test_common.py,226,242,True,b6f640e86bdb82073584a39f69eaf5b3
161,/app/Repos/pandas/pandas/tests/test_panel.py,232,269,/app/Repos/pandas/pandas/tests/test_panel.py,233,261,True,0f4ccbf6076374474bab8390a7d5d64f
162,/app/Repos/pandas/pandas/tests/test_tseries.py,26,42,/app/Repos/pandas/pandas/tests/test_tseries.py,42,59,True,2156c915df78f540bb8300a8b617b06e
163,/app/Repos/pandas/pandas/tests/test_panel.py,614,659,/app/Repos/pandas/pandas/tests/test_panel.py,659,667,True,01aef5140b41e26ab4ea13cdf722959a
164,/app/Repos/pandas/pandas/tests/test_sparse.py,274,303,/app/Repos/pandas/pandas/tests/test_sparse.py,275,288,True,1240225b69a227b5cf2c43ead117a614
165,/app/Repos/pandas/pandas/tests/test_sparse.py,407,446,/app/Repos/pandas/pandas/tests/test_sparse.py,408,418,True,da70234606007af77f4bfde753ee705b
166,/app/Repos/pandas/pandas/tests/test_sparse.py,446,485,/app/Repos/pandas/pandas/tests/test_sparse.py,449,462,True,4190e5dbd92a9cdc15fb90b1aa2be09b
167,/app/Repos/pandas/pandas/tests/test_sparse.py,259,268,/app/Repos/pandas/pandas/tests/test_sparse.py,717,725,True,089f4f39004823765ad9a91702394307
168,/app/Repos/pandas/pandas/tests/test_sparse.py,844,894,/app/Repos/pandas/pandas/tests/test_sparse.py,845,892,True,997bcbd4dd44052261ad2632baecad53
169,/app/Repos/pandas/pandas/tests/test_sparse.py,573,595,/app/Repos/pandas/pandas/tests/test_sparse.py,1087,1107,True,30cbcdd4cc407d84e2be1f4cfc496730
170,/app/Repos/pandas/pandas/tests/test_sparse.py,1140,1151,/app/Repos/pandas/pandas/tests/test_sparse.py,1162,1172,True,401b371f96c244e620277f89b0df7dc8
171,/app/Repos/pandas/pandas/tests/test_sparse.py,1151,1162,/app/Repos/pandas/pandas/tests/test_sparse.py,1162,1172,True,0d4a36eb94d7104027417594aefb1598
172,/app/Repos/pandas/pandas/tests/test_tseries.py,75,89,/app/Repos/pandas/pandas/tests/test_tseries.py,89,103,True,baaa7d26e026bf46a599db6c9daf6daa
173,/app/Repos/pandas/pandas/io/parsers.py,12,78,/app/Repos/pandas/pandas/io/parsers.py,78,110,True,8be2594b880f622972ba11580290f842
174,/app/Repos/pandas/pandas/tests/test_sparse.py,534,561,/app/Repos/pandas/pandas/tests/test_sparse.py,535,545,True,879c276c39489cce689fddc82b3402ab
175,/app/Repos/pandas/pandas/tests/test_panel.py,372,384,/app/Repos/pandas/pandas/tests/test_panel.py,390,401,True,5dacb17efb69e8f02837c5687b979671
176,/app/Repos/pandas/pandas/tests/test_sparse.py,612,639,/app/Repos/pandas/pandas/tests/test_sparse.py,1045,1053,True,cead0791936ddc27e27aa3e15ed078ac
177,/app/Repos/pandas/pandas/tests/test_sparse.py,1140,1151,/app/Repos/pandas/pandas/tests/test_sparse.py,1151,1162,True,12123839484d6f445599ad0b16867dde
178,/app/Repos/pandas/pandas/tests/test_tseries.py,26,42,/app/Repos/pandas/pandas/tests/test_tseries.py,59,75,True,40edb0024f2feabd95f5298202989c3c
179,/app/Repos/pandas/pandas/tests/test_sparse.py,1060,1080,/app/Repos/pandas/pandas/tests/test_sparse.py,1061,1073,True,1f8ecd11736f4a58bc59304799026bb2
180,/app/Repos/pandas/pandas/tests/test_tseries.py,42,59,/app/Repos/pandas/pandas/tests/test_tseries.py,59,75,True,809b38cc84c2a1e55ed02bdb88682d43
181,/app/Repos/pandas/pandas/tests/test_sparse.py,259,268,/app/Repos/pandas/pandas/tests/test_sparse.py,1203,1211,True,be99a4c9506c8f2b19f995ae747cc8f8
182,/app/Repos/pandas/pandas/tests/test_sparse.py,1272,1298,/app/Repos/pandas/pandas/tests/test_sparse.py,1273,1280,True,2ecf6870815e78f14ab125aa504c89d7
183,/app/Repos/pandas/pandas/tests/test_sparse.py,717,725,/app/Repos/pandas/pandas/tests/test_sparse.py,1203,1211,True,dd0d43990ad91e579dca470983e4d5de
184,/app/Repos/pandas/pandas/tests/test_sparse.py,353,399,/app/Repos/pandas/pandas/tests/test_sparse.py,354,361,True,3a0de55104cc0b91374620a6cac10cd4
185,/app/Repos/pandas/pandas/tests/test_sparse.py,1298,1324,/app/Repos/pandas/pandas/tests/test_sparse.py,1299,1322,True,7fa15e479d0cc8d6970d9bab6be32782
186,/app/Repos/pandas/pandas/tests/test_sparse.py,595,606,/app/Repos/pandas/pandas/tests/test_sparse.py,1116,1122,True,f190d9f8ba7373fc8e47e738276b4f79
187,/app/Repos/pandas/pandas/tests/test_series.py,560,599,/app/Repos/pandas/pandas/tests/test_series.py,560,599,True,cef9c69b812422b4aaddc1e516b2551b
188,/app/Repos/pandas/pandas/tests/test_series.py,570,585,/app/Repos/pandas/pandas/tests/test_series.py,570,585,True,d7c3cd02dfbd6ec33cc12130fde10f2e
188,/app/Repos/pandas/pandas/tests/test_series.py,570,585,/app/Repos/pandas/pandas/tests/test_series.py,570,585,False,d7c3cd02dfbd6ec33cc12130fde10f2e
189,/app/Repos/pandas/pandas/tests/test_panel.py,384,390,/app/Repos/pandas/pandas/tests/test_panel.py,401,408,True,a4531a6c5713d8ea13ed009c93b73a09
190,/app/Repos/pandas/pandas/tests/test_sparse.py,259,268,/app/Repos/pandas/pandas/tests/test_sparse.py,260,266,True,92c9c1c8aaca3c3317897f90c5c4f8be
191,/app/Repos/pandas/pandas/tests/test_sparse.py,353,399,/app/Repos/pandas/pandas/tests/test_sparse.py,361,378,True,beb3943cee1301da894792cf55589ba6
192,/app/Repos/pandas/pandas/tests/test_sparse.py,988,1045,/app/Repos/pandas/pandas/tests/test_sparse.py,990,1031,True,3998860ff91f22a9a846bf9248639b76
193,/app/Repos/pandas/pandas/tests/test_sparse.py,320,343,/app/Repos/pandas/pandas/tests/test_sparse.py,321,333,True,c2fa3824c49732e966c1e87ab7953693
194,/app/Repos/pandas/pandas/tests/test_sparse.py,446,485,/app/Repos/pandas/pandas/tests/test_sparse.py,462,472,True,2b3e69f8b24045a587c74506e2252791
195,/app/Repos/pandas/pandas/tests/test_sparse.py,749,802,/app/Repos/pandas/pandas/tests/test_sparse.py,752,766,True,0de6394edd794041a194f1bcd12da4c8
196,/app/Repos/pandas/pandas/tests/test_sparse.py,1087,1107,/app/Repos/pandas/pandas/tests/test_sparse.py,1088,1105,True,b69e4c9be7f00beaaf05e97e4e55f169
197,/app/Repos/pandas/pandas/tests/test_sparse.py,573,595,/app/Repos/pandas/pandas/tests/test_sparse.py,1088,1105,True,dcf2e0a05c69b02fa1e37e64c56ccc45
198,/app/Repos/pandas/pandas/tests/test_sparse.py,1221,1241,/app/Repos/pandas/pandas/tests/test_sparse.py,1222,1232,True,7bf357d2ab3464eb3859e6f5f0eb08a2
199,/app/Repos/pandas/pandas/tests/test_frame.py,1284,1292,/app/Repos/pandas/pandas/tests/test_frame.py,1284,1292,True,96c9426ca281be8e750f584b4e63fd40
200,/app/Repos/pandas/pandas/tests/test_sparse.py,1324,1335,/app/Repos/pandas/pandas/tests/test_sparse.py,1336,1344,True,aef0a85ebebff87bbc2deaff01fec125
201,/app/Repos/pandas/pandas/tests/test_sparse.py,1335,1346,/app/Repos/pandas/pandas/tests/test_sparse.py,1336,1344,True,2e998e74805c441bd25a45729a0fdecd
202,/app/Repos/pandas/pandas/sandbox/stats/rls.py,64,79,/app/Repos/pandas/pandas/sandbox/stats/rls.py,88,100,True,58726aaae17aaee920a5dddab2447893
203,/app/Repos/pandas/pandas/stats/misc.py,150,182,/app/Repos/pandas/pandas/stats/misc.py,171,180,True,caddc930c6602fa01ef73d55e8a34049
204,/app/Repos/pandas/pandas/stats/ols.py,306,328,/app/Repos/pandas/pandas/stats/ols.py,952,997,True,63c065d964eae4db3896d67f7f49a7a2
205,/app/Repos/pandas/pandas/stats/misc.py,74,82,/app/Repos/pandas/pandas/stats/misc.py,241,257,True,e0caee8bd4d83c208467ec4cdd4863ec
206,/app/Repos/pandas/pandas/stats/tests/test_moments.py,73,81,/app/Repos/pandas/pandas/stats/tests/test_moments.py,74,79,True,49b54ddd5d1072beb147fdbb2c339ed9
207,/app/Repos/pandas/pandas/stats/tests/test_moments.py,118,149,/app/Repos/pandas/pandas/stats/tests/test_moments.py,204,220,True,2d7a6cf8255b8c9c241446fd20c50b18
208,/app/Repos/pandas/pandas/stats/ols.py,136,169,/app/Repos/pandas/pandas/stats/ols.py,816,862,True,2da9d553367d80b63df86626466a6b4e
209,/app/Repos/pandas/pandas/stats/tests/test_moments.py,149,183,/app/Repos/pandas/pandas/stats/tests/test_moments.py,220,227,True,87242c81f40024bf130a647c8d55749e
210,/app/Repos/pandas/pandas/stats/tests/test_moments.py,89,97,/app/Repos/pandas/pandas/stats/tests/test_moments.py,97,105,True,f4e4c697fe2daa7089c908078b133f47
211,/app/Repos/pandas/pandas/tests/test_datetools.py,140,147,/app/Repos/pandas/pandas/tests/test_datetools.py,372,380,True,4d62834d7b11d48cc938417a9d55c0f1
212,/app/Repos/pandas/pandas/stats/tests/test_moments.py,227,234,/app/Repos/pandas/pandas/stats/tests/test_moments.py,234,250,True,1e8f36e14a51aefa0f7ead267523223a
213,/app/Repos/pandas/pandas/stats/tests/test_ols_filter.py,43,50,/app/Repos/pandas/pandas/stats/tests/test_ols_filter.py,50,60,True,3ac682a9952b0801669e4e7c372bc614
214,/app/Repos/pandas/pandas/tests/test_datetools.py,334,372,/app/Repos/pandas/pandas/tests/test_datetools.py,592,609,True,77c5ee2524d2cbb9bcda58a3a1bb86db
215,/app/Repos/pandas/pandas/tests/test_sparse.py,1324,1335,/app/Repos/pandas/pandas/tests/test_sparse.py,1335,1346,True,dd7d88e6d1fc51a7b3d3437ac5df4537
216,/app/Repos/pandas/pandas/stats/tests/test_ols_filter.py,36,43,/app/Repos/pandas/pandas/stats/tests/test_ols_filter.py,43,50,True,66c50a91d0b334998255cac38a428524
217,/app/Repos/pandas/pandas/tests/test_multilevel.py,264,280,/app/Repos/pandas/pandas/tests/test_multilevel.py,265,271,True,01b2a7a186aea1db4641e015877f64e2
218,/app/Repos/pandas/pandas/stats/ols.py,734,759,/app/Repos/pandas/pandas/stats/ols.py,759,796,True,6621bdbc63335993414e334a39f9efd3
219,/app/Repos/pandas/pandas/tests/test_datetools.py,372,380,/app/Repos/pandas/pandas/tests/test_datetools.py,420,428,True,8df61eeefbe3b25b791d3168738f52b6
220,/app/Repos/pandas/pandas/tests/test_datetools.py,140,147,/app/Repos/pandas/pandas/tests/test_datetools.py,420,428,True,f97ef2348a096295c14441a5abbc8958
221,/app/Repos/pandas/pandas/stats/ols.py,952,997,/app/Repos/pandas/pandas/stats/ols.py,1020,1046,True,e58cafcd9cde066c23b0cdd1244ea6b6
222,/app/Repos/pandas/pandas/tests/test_datetools.py,498,536,/app/Repos/pandas/pandas/tests/test_datetools.py,616,626,True,8a8307ef5e292fa7216f2aa35376f1d7
223,/app/Repos/pandas/pandas/tests/test_datetools.py,372,380,/app/Repos/pandas/pandas/tests/test_datetools.py,616,626,True,6da2511e65c0f1c0c3af3e4da56624f9
224,/app/Repos/pandas/pandas/tests/test_datetools.py,420,428,/app/Repos/pandas/pandas/tests/test_datetools.py,616,626,True,66a108152b9209d7c587c9bab31864fc
225,/app/Repos/pandas/pandas/stats/tests/common.py,88,127,/app/Repos/pandas/pandas/stats/tests/common.py,127,153,True,a0f23fae2e83e92364d449dce5d3d89b
226,/app/Repos/pandas/pandas/stats/ols.py,1092,1103,/app/Repos/pandas/pandas/stats/plm.py,708,721,True,d22f9427572ac76696ba3f28d2afb949
227,/app/Repos/pandas/pandas/stats/tests/test_ols_filter.py,60,70,/app/Repos/pandas/pandas/stats/tests/test_ols_filter.py,70,80,True,4c9c4bb977d3e7a498988c6b333c385f
228,/app/Repos/pandas/pandas/tests/test_datetools.py,438,498,/app/Repos/pandas/pandas/tests/test_datetools.py,592,609,True,30e0de34a5dd5551798f03632467f545
229,/app/Repos/pandas/pandas/tests/test_datetools.py,372,380,/app/Repos/pandas/pandas/tests/test_datetools.py,498,536,True,018aa770d9997cd9fbb76937cd8cc84f
230,/app/Repos/pandas/pandas/tests/test_datetools.py,538,574,/app/Repos/pandas/pandas/tests/test_datetools.py,592,609,True,3009ed7d5e59aad1ae651a33c80f882f
231,/app/Repos/pandas/pandas/tests/test_datetools.py,420,428,/app/Repos/pandas/pandas/tests/test_datetools.py,498,536,True,0ef38d8a32d180f11690779b3e26ad67
232,/app/Repos/pandas/pandas/tests/test_datetools.py,140,147,/app/Repos/pandas/pandas/tests/test_datetools.py,498,536,True,f88318cb793d9901f173c88eab3c1867
233,/app/Repos/pandas/pandas/tests/test_datetools.py,147,192,/app/Repos/pandas/pandas/tests/test_datetools.py,210,243,True,0e12238191ac0c51633854951f807c8a
234,/app/Repos/pandas/pandas/tests/test_multilevel.py,163,179,/app/Repos/pandas/pandas/tests/test_multilevel.py,456,477,True,c06f3c274c5b0e3b4ecc50a4dee5d45f
235,/app/Repos/pandas/pandas/tests/test_datetools.py,760,769,/app/Repos/pandas/pandas/tests/test_datetools.py,769,778,True,7817a57fdb8beb11d5d3a0fed8e29ac8
236,/app/Repos/pandas/pandas/tests/test_datetools.py,334,372,/app/Repos/pandas/pandas/tests/test_datetools.py,382,420,True,4ffb500ee7f33b1f5e9806b79ff2e2c7
237,/app/Repos/pandas/pandas/tests/test_datetools.py,140,147,/app/Repos/pandas/pandas/tests/test_datetools.py,574,586,True,8dbc68dbc9c727b511dab0a27d9226fd
238,/app/Repos/pandas/pandas/tests/test_datetools.py,372,380,/app/Repos/pandas/pandas/tests/test_datetools.py,574,586,True,800033411d2da0c23d0402aa1291d8ad
239,/app/Repos/pandas/pandas/tests/test_datetools.py,420,428,/app/Repos/pandas/pandas/tests/test_datetools.py,574,586,True,cc3ddd0a408bb878c4445b94ac66163b
240,/app/Repos/pandas/pandas/tests/test_datetools.py,498,536,/app/Repos/pandas/pandas/tests/test_datetools.py,574,586,True,c9753fec972da1d9023a33614ec986db
241,/app/Repos/pandas/pandas/stats/ols.py,514,525,/app/Repos/pandas/pandas/stats/plm.py,557,590,True,d8306254f33812c268b25eb6a0866030
242,/app/Repos/pandas/pandas/tests/test_datetools.py,760,769,/app/Repos/pandas/pandas/tests/test_datetools.py,778,787,True,94915eefb86284682c0a95fcc66a3a4f
243,/app/Repos/pandas/pandas/tests/test_datetools.py,538,574,/app/Repos/pandas/pandas/tests/test_datetools.py,628,661,True,8f0b994d12bc144851d7836770ecf4a6
244,/app/Repos/pandas/pandas/tests/test_datetools.py,769,778,/app/Repos/pandas/pandas/tests/test_datetools.py,778,787,True,ad79f611c906177a117ed50dfc127770
245,/app/Repos/pandas/pandas/tests/test_datetools.py,382,420,/app/Repos/pandas/pandas/tests/test_datetools.py,675,708,True,27ba3d806cb06344889c98612bb6368d
246,/app/Repos/pandas/pandas/tests/test_datetools.py,592,609,/app/Repos/pandas/pandas/tests/test_datetools.py,628,661,True,bf6f24eee1da374138a03c6141a3890e
247,/app/Repos/pandas/pandas/tests/test_datetools.py,538,574,/app/Repos/pandas/pandas/tests/test_datetools.py,675,708,True,4ceb549eab36cf7736f5cb54b3f5a2d4
248,/app/Repos/pandas/pandas/tests/test_datetools.py,592,609,/app/Repos/pandas/pandas/tests/test_datetools.py,675,708,True,5c415c02ef43682cfca25b5c3d535a53
249,/app/Repos/pandas/pandas/tests/test_datetools.py,372,380,/app/Repos/pandas/pandas/tests/test_datetools.py,708,720,True,4ae6cc5137ad6900bcdd206aba655094
250,/app/Repos/pandas/pandas/tests/test_datetools.py,420,428,/app/Repos/pandas/pandas/tests/test_datetools.py,708,720,True,2d42f0689d77a5c3cd336c3b8ba38c29
251,/app/Repos/pandas/pandas/tests/test_datetools.py,498,536,/app/Repos/pandas/pandas/tests/test_datetools.py,708,720,True,e9c0201bb1a160fd0e38101f254ff242
252,/app/Repos/pandas/pandas/tests/test_datetools.py,661,673,/app/Repos/pandas/pandas/tests/test_datetools.py,708,720,True,67817825e618e34b82896aabb8d939fe
253,/app/Repos/pandas/pandas/tests/test_datetools.py,140,147,/app/Repos/pandas/pandas/tests/test_datetools.py,708,720,True,e3b6c3981505b7f0bf045bb0c93f316b
254,/app/Repos/pandas/pandas/tests/test_datetools.py,628,661,/app/Repos/pandas/pandas/tests/test_datetools.py,675,708,True,a8dd1a9652011b528d8c0aa1d5c99dc2
255,/app/Repos/pandas/pandas/tests/test_datetools.py,574,586,/app/Repos/pandas/pandas/tests/test_datetools.py,708,720,True,e8de49fbac1473f52e0e366ff161af97
256,/app/Repos/pandas/pandas/tests/test_datetools.py,616,626,/app/Repos/pandas/pandas/tests/test_datetools.py,661,673,True,86eb9d20eb11bc5ad74609962f4ba121
257,/app/Repos/pandas/pandas/tests/test_datetools.py,372,380,/app/Repos/pandas/pandas/tests/test_datetools.py,661,673,True,229e25d30a042c6765f55e0e83eddf9b
258,/app/Repos/pandas/pandas/tests/test_datetools.py,420,428,/app/Repos/pandas/pandas/tests/test_datetools.py,661,673,True,24f11c2d8d7b6d4efa7719c9de30d137
259,/app/Repos/pandas/pandas/tests/test_datetools.py,498,536,/app/Repos/pandas/pandas/tests/test_datetools.py,661,673,True,3fc0962a3aeca32316ac30a8557442bf
260,/app/Repos/pandas/pandas/tests/test_datetools.py,574,586,/app/Repos/pandas/pandas/tests/test_datetools.py,661,673,True,96a81d8fa2933edc424099e2d9582476
261,/app/Repos/pandas/pandas/tests/test_datetools.py,140,147,/app/Repos/pandas/pandas/tests/test_datetools.py,661,673,True,e9477b49efaf07a784678a5844c3678e
262,/app/Repos/pandas/pandas/tests/test_groupby.py,162,188,/app/Repos/pandas/pandas/tests/test_groupby.py,163,181,True,c331a0fb47b15b362a6813a07eb30ecf
263,/app/Repos/pandas/pandas/tests/test_groupby.py,63,107,/app/Repos/pandas/pandas/tests/test_groupby.py,199,211,True,5538a95dd988b78c0485c23171fefaf9
264,/app/Repos/pandas/pandas/tests/test_groupby.py,211,240,/app/Repos/pandas/pandas/tests/test_groupby.py,240,246,True,a1ac942ec06501104e1b57cbcd67c1da
265,/app/Repos/pandas/pandas/tests/test_groupby.py,627,656,/app/Repos/pandas/pandas/tests/test_groupby.py,634,653,True,f3222b13ff9bd739e5672cad76246104
266,/app/Repos/pandas/pandas/tests/test_groupby.py,398,416,/app/Repos/pandas/pandas/tests/test_groupby.py,416,448,True,dcbcd5b7f710b5c5f4ec07104370a5b1
267,/app/Repos/pandas/pandas/tests/test_groupby.py,107,113,/app/Repos/pandas/pandas/tests/test_groupby.py,312,328,True,aef9368e02b3205de0b95c1dd536a7cd
268,/app/Repos/pandas/pandas/stats/fama_macbeth.py,28,44,/app/Repos/pandas/pandas/stats/fama_macbeth.py,144,161,True,8d67fc627ab8df7af4585c2680f9e3b3
269,/app/Repos/pandas/pandas/tests/test_groupby.py,107,113,/app/Repos/pandas/pandas/tests/test_groupby.py,211,240,True,daafe880e7e17b5b11e03401b3865216
270,/app/Repos/pandas/pandas/tests/test_groupby.py,289,297,/app/Repos/pandas/pandas/tests/test_groupby.py,304,312,True,cdf7a6b8a0722dd4eff03cdd248562a9
271,/app/Repos/pandas/pandas/tests/test_groupby.py,297,304,/app/Repos/pandas/pandas/tests/test_groupby.py,304,312,True,582494fd8e40a51eba48106d11f3641e
272,/app/Repos/pandas/pandas/tests/test_groupby.py,107,113,/app/Repos/pandas/pandas/tests/test_groupby.py,304,312,True,35472118c07f95347e09f658b0e2b8a8
273,/app/Repos/pandas/pandas/stats/tests/test_ols.py,267,278,/app/Repos/pandas/pandas/stats/tests/test_ols.py,288,296,True,564593534cc52a3fb3d16f0cad5c35f7
274,/app/Repos/pandas/pandas/stats/tests/test_ols.py,267,278,/app/Repos/pandas/pandas/stats/tests/test_ols.py,311,322,True,59fedf4a283a78bb0581cf6dba8bb4e6
275,/app/Repos/pandas/pandas/stats/tests/test_ols.py,278,288,/app/Repos/pandas/pandas/stats/tests/test_ols.py,288,296,True,947f3ad31ec6ba7d79a41a9ddeddbc77
276,/app/Repos/pandas/pandas/stats/tests/test_ols.py,278,288,/app/Repos/pandas/pandas/stats/tests/test_ols.py,311,322,True,7a838c0dd7f72dccb8b2f50b9c8285af
277,/app/Repos/pandas/pandas/stats/tests/test_ols.py,288,296,/app/Repos/pandas/pandas/stats/tests/test_ols.py,311,322,True,e5b6d9c6fef3ce5c525827ade6c2142b
278,/app/Repos/pandas/pandas/tests/test_groupby.py,487,520,/app/Repos/pandas/pandas/tests/test_groupby.py,491,511,True,54b9608810266b7ad2fe71afa5165d2a
279,/app/Repos/pandas/pandas/stats/tests/test_ols.py,438,450,/app/Repos/pandas/pandas/stats/tests/test_ols.py,463,476,True,af5c0cd1a32b7afa10d1e82033cf98fc
280,/app/Repos/pandas/pandas/stats/tests/test_ols.py,450,463,/app/Repos/pandas/pandas/stats/tests/test_ols.py,463,476,True,b322b6d2402f7611ab11ee33c63a021c
281,/app/Repos/pandas/pandas/sandbox/functions.py,7,16,/app/Repos/pandas/pandas/sandbox/functions.py,27,33,True,7b6980daa2965673319e6520070c0641
282,/app/Repos/pandas/pandas/stats/tests/test_ols.py,103,138,/app/Repos/pandas/pandas/stats/tests/test_ols.py,563,591,True,28d5f8960af8a05a6bb69d22b47c97bd
283,/app/Repos/pandas/pandas/stats/tests/test_ols.py,142,170,/app/Repos/pandas/pandas/stats/tests/test_ols.py,598,629,True,0ca0a0199ba8fd19074e57a4c44b5f47
284,/app/Repos/pandas/pandas/tests/test_series.py,560,599,/app/Repos/pandas/pandas/tests/test_series.py,570,585,True,f89dd07835d3b761482a9a1de8ce25a5
285,/app/Repos/pandas/pandas/stats/tests/test_ols.py,192,213,/app/Repos/pandas/pandas/stats/tests/test_ols.py,219,226,True,32ebe12fbb6bf8a436e632d430ae8855
286,/app/Repos/pandas/pandas/stats/tests/test_ols.py,369,404,/app/Repos/pandas/pandas/stats/tests/test_ols.py,404,414,True,d1e1074b90a8d63e85943df7f2f1d5cd
287,/app/Repos/pandas/pandas/tests/test_series.py,37,51,/app/Repos/pandas/pandas/tests/test_series.py,55,65,True,3d92631ae2fab1ddc1fc3c26e92b8b46
288,/app/Repos/pandas/pandas/stats/tests/test_ols.py,288,296,/app/Repos/pandas/pandas/stats/tests/test_ols.py,296,311,True,6ee13e53cecea5212e3e34b51ae37078
289,/app/Repos/pandas/pandas/stats/tests/test_ols.py,175,192,/app/Repos/pandas/pandas/stats/tests/test_ols.py,296,311,True,67e75bb858f67e6504bd5ff070279d6c
290,/app/Repos/pandas/pandas/sandbox/functions.py,7,16,/app/Repos/pandas/pandas/sandbox/functions.py,33,39,True,c42048e64fa9354d2209c5b1f943d51c
291,/app/Repos/pandas/pandas/sandbox/functions.py,27,33,/app/Repos/pandas/pandas/sandbox/functions.py,33,39,True,1212213ad81d1de694b2bd0fe63183ba
292,/app/Repos/pandas/pandas/sandbox/functions.py,7,16,/app/Repos/pandas/pandas/sandbox/functions.py,39,45,True,a753c5ae0e2da3e2dfffa7990d832bc4
293,/app/Repos/pandas/pandas/tests/test_series.py,755,762,/app/Repos/pandas/pandas/tests/test_series.py,778,803,True,bb3e21ed1cb1283e1f51fe9a6e864e70
294,/app/Repos/pandas/pandas/tests/test_groupby.py,107,113,/app/Repos/pandas/pandas/tests/test_groupby.py,740,751,True,d06f3be38f383226bf850579682e8dff
295,/app/Repos/pandas/pandas/sandbox/functions.py,27,33,/app/Repos/pandas/pandas/sandbox/functions.py,39,45,True,0bd56495e92a5d8943b51068058a7056
296,/app/Repos/pandas/pandas/sandbox/functions.py,33,39,/app/Repos/pandas/pandas/sandbox/functions.py,39,45,True,0be6357d87f3fe787887ff818c766e88
297,/app/Repos/pandas/pandas/stats/tests/test_ols.py,267,278,/app/Repos/pandas/pandas/stats/tests/test_ols.py,278,288,True,02365611a583f7901031856a793f6abc
298,/app/Repos/pandas/pandas/stats/tests/test_ols.py,438,450,/app/Repos/pandas/pandas/stats/tests/test_ols.py,450,463,True,1b84bef578f59af88a16a4c726aeac0a
299,/app/Repos/pandas/pandas/stats/tests/test_ols.py,192,213,/app/Repos/pandas/pandas/stats/tests/test_ols.py,236,243,True,83bc86ba090fe310916fdf6624242f10
300,/app/Repos/pandas/pandas/stats/tests/test_ols.py,414,426,/app/Repos/pandas/pandas/stats/tests/test_ols.py,426,438,True,a7144301b99ef974b39faa74c9e713cc
301,/app/Repos/pandas/pandas/stats/tests/test_ols.py,438,450,/app/Repos/pandas/pandas/stats/tests/test_ols.py,476,490,True,8488124d1889ec5af2cf775021916e57
302,/app/Repos/pandas/pandas/tests/test_series.py,828,834,/app/Repos/pandas/pandas/tests/test_series.py,834,840,True,1dcc02b2ca137e680be33a23b314ba85
303,/app/Repos/pandas/pandas/stats/tests/test_ols.py,450,463,/app/Repos/pandas/pandas/stats/tests/test_ols.py,476,490,True,064a54529b658addea980fe76b178085
304,/app/Repos/pandas/pandas/tests/test_series.py,649,694,/app/Repos/pandas/pandas/tests/test_series.py,650,677,True,06180473a46f16f54b9e78bee519153b
305,/app/Repos/pandas/pandas/stats/tests/test_ols.py,463,476,/app/Repos/pandas/pandas/stats/tests/test_ols.py,476,490,True,fb03117df7c9a95f7f44d6296523c802
306,/app/Repos/pandas/pandas/tests/test_series.py,447,454,/app/Repos/pandas/pandas/tests/test_series.py,1024,1049,True,e72b740edf0f0d797b3a0dd06f369382
307,/app/Repos/pandas/pandas/tests/test_series.py,981,995,/app/Repos/pandas/pandas/tests/test_series.py,982,992,True,7a137b23db9e9b865e2401e1f2905dcf
308,/app/Repos/pandas/pandas/stats/moments.py,306,319,/app/Repos/pandas/pandas/stats/moments.py,335,359,True,46a38246e6ea1df833386d75b0c1c083
309,/app/Repos/pandas/pandas/stats/moments.py,307,315,/app/Repos/pandas/pandas/stats/moments.py,335,359,True,596c2db003735164db0537d56bb07bd1
310,/app/Repos/pandas/pandas/stats/moments.py,306,319,/app/Repos/pandas/pandas/stats/moments.py,307,315,True,30d518c8b38b208faa17239bdd097642
311,/app/Repos/pandas/pandas/tests/test_frame.py,520,529,/app/Repos/pandas/pandas/tests/test_frame.py,529,543,True,62af008f32d450ca08a0057cd975a414
312,/app/Repos/pandas/pandas/tests/test_series.py,1093,1109,/app/Repos/pandas/pandas/tests/test_series.py,1109,1116,True,73d4b9ea4b2c9e661ceee33032c52145
313,/app/Repos/pandas/pandas/stats/moments.py,167,183,/app/Repos/pandas/pandas/stats/moments.py,183,195,True,744edf5363f50adda6f5aa5f203813a9
314,/app/Repos/pandas/pandas/stats/moments.py,146,159,/app/Repos/pandas/pandas/stats/moments.py,159,165,True,0bbc61236d1d0274f315646fef2ae6a8
315,/app/Repos/pandas/pandas/tests/test_frame.py,472,520,/app/Repos/pandas/pandas/tests/test_frame.py,567,583,True,c14f118cc22c4a1363cd8aba929e47c5
316,/app/Repos/pandas/pandas/tests/test_frame.py,784,791,/app/Repos/pandas/pandas/tests/test_frame.py,791,797,True,d99a82108f04a7ecb685396cd1bcaa16
317,/app/Repos/pandas/pandas/tests/test_frame.py,1329,1343,/app/Repos/pandas/pandas/tests/test_frame.py,1794,1808,True,a3e6be9eb2f3c65db5858ac4da1503b3
318,/app/Repos/pandas/pandas/stats/tests/test_var.py,46,52,/app/Repos/pandas/pandas/stats/tests/test_var.py,58,65,True,fc421fdcfa798a686f8cd33cfb04f8b1
319,/app/Repos/pandas/pandas/stats/tests/test_var.py,52,58,/app/Repos/pandas/pandas/stats/tests/test_var.py,58,65,True,d91c6bfb9964442689bde391405eaca5
320,/app/Repos/pandas/pandas/tests/test_series.py,1079,1093,/app/Repos/pandas/pandas/tests/test_series.py,1093,1109,True,e8f492f3f27658406b10d30b6f41a735
321,/app/Repos/pandas/pandas/tests/test_frame.py,1781,1794,/app/Repos/pandas/pandas/tests/test_frame.py,1794,1808,True,b679464e643130c136fa2c5b1e3b34d1
322,/app/Repos/pandas/pandas/tests/test_frame.py,261,349,/app/Repos/pandas/pandas/tests/test_frame.py,567,583,True,371aa879e45097c52914441cc92897b2
323,/app/Repos/pandas/pandas/tests/test_frame.py,1870,1911,/app/Repos/pandas/pandas/tests/test_frame.py,1870,1911,True,ec8ce7633304e3e2f41c24c470ffefd0
324,/app/Repos/pandas/pandas/stats/moments.py,306,319,/app/Repos/pandas/pandas/stats/moments.py,359,382,True,9413f3702ff0348f530c990be12801c8
325,/app/Repos/pandas/pandas/stats/moments.py,307,315,/app/Repos/pandas/pandas/stats/moments.py,359,382,True,16181d1e3fa4faf503ab25f449b688ff
326,/app/Repos/pandas/pandas/stats/moments.py,335,359,/app/Repos/pandas/pandas/stats/moments.py,359,382,True,2d452b2c69e5cc2ac51935d9c46dfa83
327,/app/Repos/pandas/pandas/tests/test_frame.py,1470,1498,/app/Repos/pandas/pandas/tests/test_frame.py,1476,1491,True,f0fbbce673f86e8e2792644e8e0413e6
328,/app/Repos/pandas/pandas/stats/tests/test_var.py,46,52,/app/Repos/pandas/pandas/stats/tests/test_var.py,52,58,True,af85c31e202bc9d4e3978c1a01dff78e
329,/app/Repos/pandas/pandas/tests/test_frame.py,2228,2250,/app/Repos/pandas/pandas/tests/test_frame.py,2262,2267,True,214cc18a0efe5201b3f41599c411943a
330,/app/Repos/pandas/pandas/tests/test_index.py,155,172,/app/Repos/pandas/pandas/tests/test_index.py,194,208,True,906e95190818fbefd17f9e0b7f648c2d
331,/app/Repos/pandas/pandas/tests/test_index.py,364,370,/app/Repos/pandas/pandas/tests/test_index.py,370,376,True,0f1996c8fb3b641acee4abb2b380806c
332,/app/Repos/pandas/pandas/tests/test_index.py,364,370,/app/Repos/pandas/pandas/tests/test_index.py,376,382,True,b212f02db63276fe0fc67405cc93742a
333,/app/Repos/pandas/pandas/stats/plm.py,250,284,/app/Repos/pandas/pandas/stats/plm.py,284,330,True,f4e9e198cfb71ed0c1041090101f07c1
334,/app/Repos/pandas/pandas/tests/test_index.py,370,376,/app/Repos/pandas/pandas/tests/test_index.py,376,382,True,4b29b501c9682d2c26a84d482acda21c
335,/app/Repos/pandas/pandas/tests/test_index.py,524,535,/app/Repos/pandas/pandas/tests/test_index.py,535,543,True,da2b063ebb86a17749687e9851df1a9f
336,/app/Repos/pandas/pandas/tests/test_index.py,141,155,/app/Repos/pandas/pandas/tests/test_index.py,155,172,True,23fe027bc30dadee43d816be472a772b
337,/app/Repos/pandas/pandas/tests/test_index.py,93,113,/app/Repos/pandas/pandas/tests/test_index.py,98,106,True,72560309062c43b5acfd1e60a172356e
338,/app/Repos/pandas/pandas/tests/test_index.py,208,226,/app/Repos/pandas/pandas/tests/test_index.py,209,218,True,f9270cc6f78b975fe08e16cfaa993769
339,/app/Repos/pandas/pandas/tests/test_index.py,640,656,/app/Repos/pandas/pandas/tests/test_index.py,673,688,True,d3ec0c597bfa37cf6248d20d5a7ff330
340,/app/Repos/pandas/pandas/tests/test_index.py,382,417,/app/Repos/pandas/pandas/tests/test_index.py,479,506,True,e200fcda09bf17ee4e5ded554e632ef0
341,/app/Repos/pandas/pandas/tests/test_index.py,857,878,/app/Repos/pandas/pandas/tests/test_index.py,878,894,True,914abdbc166644fd9e4a0961f6eb9466
342,/app/Repos/pandas/pandas/tests/test_frame.py,2364,2416,/app/Repos/pandas/pandas/tests/test_frame.py,2476,2489,True,5d34fbc2c6370c5070827fb5f9db3231
343,/app/Repos/pandas/pandas/tests/test_index.py,417,453,/app/Repos/pandas/pandas/tests/test_index.py,479,506,True,8dbb8de2f4d42e26b316c1f08c5c5959
344,/app/Repos/pandas/pandas/tests/test_index.py,382,417,/app/Repos/pandas/pandas/tests/test_index.py,417,453,True,ded8658f24917163e6f82b51aa52ebab
345,/app/Repos/pandas/pandas/tests/test_frame.py,2439,2476,/app/Repos/pandas/pandas/tests/test_frame.py,2476,2489,True,e5939dc85aa41eb7eff5bcd48cd3a939
346,/app/Repos/pandas/pandas/tests/test_index.py,382,417,/app/Repos/pandas/pandas/tests/test_index.py,453,479,True,0d6e4d97caefd1088740f4f186e04211
347,/app/Repos/pandas/pandas/tests/test_frame.py,2784,2807,/app/Repos/pandas/pandas/tests/test_frame.py,2807,2831,True,7f731ed831390e5509b924367e62bd82
348,/app/Repos/pandas/pandas/tests/test_index.py,453,479,/app/Repos/pandas/pandas/tests/test_index.py,479,506,True,8e52ea8d9992b643c77dd467cce70b22
349,/app/Repos/pandas/pandas/tests/test_frame.py,2967,2977,/app/Repos/pandas/pandas/tests/test_frame.py,3014,3023,True,ba5012f43c7367697c2f047a23a0d16b
350,/app/Repos/pandas/pandas/tests/test_index.py,561,572,/app/Repos/pandas/pandas/tests/test_index.py,822,857,True,0a4f3ec23dd6fba063bc9a2398f888d1
351,/app/Repos/pandas/pandas/tests/test_frame.py,2123,2132,/app/Repos/pandas/pandas/tests/test_frame.py,3014,3023,True,f13dfdb95eae57b750fa6cb14fa5cab4
352,/app/Repos/pandas/pandas/tests/test_index.py,417,453,/app/Repos/pandas/pandas/tests/test_index.py,453,479,True,5c11851e46f0ad09a56879fe39977bcb
353,/app/Repos/pandas/pandas/tests/test_index.py,561,572,/app/Repos/pandas/pandas/tests/test_index.py,749,770,True,52e1533fc3e752123464bf5f76a6c582
354,/app/Repos/pandas/pandas/tests/test_index.py,729,749,/app/Repos/pandas/pandas/tests/test_index.py,822,857,True,0f4a60aba978657b4d1646884c07705a
355,/app/Repos/pandas/pandas/tests/test_index.py,561,572,/app/Repos/pandas/pandas/tests/test_index.py,770,805,True,7fd08be1215d69614aad0cfa2ee7356b
356,/app/Repos/pandas/pandas/tests/test_index.py,257,276,/app/Repos/pandas/pandas/tests/test_index.py,770,805,True,165483461d7298339099cf367ff058d1
