A_path,A_method,A_args,A_ret,B_path,B_method,B_args,B_ret
/app/Repos/pandas/bench/test.py,group_agg,[values:Any;bounds:Any;f:Any],None,/app/Repos/pandas/pandas/core/frame.py,group_agg,[values:Any;bounds:Any;f:Any],None
/app/Repos/pandas/pandas/core/base.py,__new__,[cls:Any;data:Any;dtype:Any;copy:Any],None,/app/Repos/pandas/pandas/core/index.py,__new__,[cls:Any;data:Any;dtype:Any;copy:Any;name:Any;fastpath:Any],None
/app/Repos/pandas/pandas/core/base.py,_field_accessor,[name:Any;docstring:Any],None,/app/Repos/pandas/pandas/tseries/index.py,_field_accessor,[name:Any;field:Any;docstring:Any],None
/app/Repos/pandas/pandas/core/base.py,_ops_compat,[self:Any;name:Any;op_accessor:Any],None,/app/Repos/pandas/pandas/core/base.py,_ops_compat,[self:Any;name:Any;op_accessor:Any],None
/app/Repos/pandas/pandas/core/base.py,max,[self:Any;axis:Any],None,/app/Repos/pandas/pandas/core/base.py,min,[self:Any;axis:Any],None
/app/Repos/pandas/pandas/core/categorical.py,__unicode__,[self:Any],None,/app/Repos/pandas/pandas/core/series.py,__unicode__,[self:Any],None
/app/Repos/pandas/pandas/core/categorical.py,_repr_footer,[self:Any],None,/app/Repos/pandas/pandas/core/format.py,_get_footer,[self:Any],None
/app/Repos/pandas/pandas/core/common.py,_possibly_infer_to_datetimelike,[value:Any],None,/app/Repos/pandas/pandas/core/common.py,_try_timedelta,[v:Any],None
/app/Repos/pandas/pandas/core/format.py,_format_datetime64,[x:Any;tz:Any;nat_rep:Any],None,/app/Repos/pandas/pandas/core/format.py,_format_datetime64_dateonly,[x:Any;nat_rep:Any;date_format:Any],None
/app/Repos/pandas/pandas/core/format.py,_get_format_timedelta64,[values:Any],None,/app/Repos/pandas/pandas/core/format.py,impl,[x:Any],None
/app/Repos/pandas/pandas/core/format.py,to_string,[self:Any],None,/app/Repos/pandas/pandas/core/format.py,to_string,[self:Any],None
/app/Repos/pandas/pandas/core/frame.py,_verbose_repr,[],None,/app/Repos/pandas/pandas/core/frame.py,info,[self:Any;verbose:Any;buf:Any;max_cols:Any],None
/app/Repos/pandas/pandas/core/frame.py,all,[self:Any;axis:Any;bool_only:Any;skipna:Any;level:Any;**kwargs:Any],None,/app/Repos/pandas/pandas/core/frame.py,any,[self:Any;axis:Any;bool_only:Any;skipna:Any;level:Any;**kwargs:Any],None
/app/Repos/pandas/pandas/core/frame.py,all,[self:Any;axis:Any;bool_only:Any;skipna:Any;level:Any;**kwargs:Any],None,/app/Repos/pandas/pandas/core/generic.py,_add_numeric_operations,[cls:Any],None
/app/Repos/pandas/pandas/core/frame.py,all,[self:Any;axis:Any;bool_only:Any;skipna:Any;level:Any;**kwargs:Any],None,/app/Repos/pandas/pandas/core/generic.py,_make_stat_function,[name:Any;desc:Any;f:Any],None
/app/Repos/pandas/pandas/core/frame.py,all,[self:Any;axis:Any;bool_only:Any;skipna:Any;level:Any;**kwargs:Any],None,/app/Repos/pandas/pandas/core/generic.py,mad,[self:Any;axis:Any;skipna:Any;level:Any;**kwargs:Any],None
/app/Repos/pandas/pandas/core/frame.py,all,[self:Any;axis:Any;bool_only:Any;skipna:Any;level:Any;**kwargs:Any],None,/app/Repos/pandas/pandas/core/generic.py,sem,[self:Any;axis:Any;skipna:Any;level:Any;ddof:Any;**kwargs:Any],None
/app/Repos/pandas/pandas/core/frame.py,all,[self:Any;axis:Any;bool_only:Any;skipna:Any;level:Any;**kwargs:Any],None,/app/Repos/pandas/pandas/core/generic.py,stat_func,[self:Any;axis:Any;skipna:Any;level:Any;numeric_only:Any;**kwargs:Any],None
/app/Repos/pandas/pandas/core/frame.py,all,[self:Any;axis:Any;bool_only:Any;skipna:Any;level:Any;**kwargs:Any],None,/app/Repos/pandas/pandas/core/generic.py,std,[self:Any;axis:Any;skipna:Any;level:Any;ddof:Any;**kwargs:Any],None
/app/Repos/pandas/pandas/core/frame.py,all,[self:Any;axis:Any;bool_only:Any;skipna:Any;level:Any;**kwargs:Any],None,/app/Repos/pandas/pandas/core/generic.py,var,[self:Any;axis:Any;skipna:Any;level:Any;ddof:Any;**kwargs:Any],None
/app/Repos/pandas/pandas/core/frame.py,any,[self:Any;axis:Any;bool_only:Any;skipna:Any;level:Any;**kwargs:Any],None,/app/Repos/pandas/pandas/core/generic.py,_add_numeric_operations,[cls:Any],None
/app/Repos/pandas/pandas/core/frame.py,any,[self:Any;axis:Any;bool_only:Any;skipna:Any;level:Any;**kwargs:Any],None,/app/Repos/pandas/pandas/core/generic.py,_make_stat_function,[name:Any;desc:Any;f:Any],None
/app/Repos/pandas/pandas/core/frame.py,any,[self:Any;axis:Any;bool_only:Any;skipna:Any;level:Any;**kwargs:Any],None,/app/Repos/pandas/pandas/core/generic.py,mad,[self:Any;axis:Any;skipna:Any;level:Any;**kwargs:Any],None
/app/Repos/pandas/pandas/core/frame.py,any,[self:Any;axis:Any;bool_only:Any;skipna:Any;level:Any;**kwargs:Any],None,/app/Repos/pandas/pandas/core/generic.py,sem,[self:Any;axis:Any;skipna:Any;level:Any;ddof:Any;**kwargs:Any],None
/app/Repos/pandas/pandas/core/frame.py,any,[self:Any;axis:Any;bool_only:Any;skipna:Any;level:Any;**kwargs:Any],None,/app/Repos/pandas/pandas/core/generic.py,stat_func,[self:Any;axis:Any;skipna:Any;level:Any;numeric_only:Any;**kwargs:Any],None
/app/Repos/pandas/pandas/core/frame.py,any,[self:Any;axis:Any;bool_only:Any;skipna:Any;level:Any;**kwargs:Any],None,/app/Repos/pandas/pandas/core/generic.py,std,[self:Any;axis:Any;skipna:Any;level:Any;ddof:Any;**kwargs:Any],None
/app/Repos/pandas/pandas/core/frame.py,any,[self:Any;axis:Any;bool_only:Any;skipna:Any;level:Any;**kwargs:Any],None,/app/Repos/pandas/pandas/core/generic.py,var,[self:Any;axis:Any;skipna:Any;level:Any;ddof:Any;**kwargs:Any],None
/app/Repos/pandas/pandas/core/frame.py,duplicated,[self:Any;subset:Any;take_last:Any],None,/app/Repos/pandas/pandas/core/series.py,duplicated,[self:Any;take_last:Any],None
/app/Repos/pandas/pandas/core/frame.py,set_value,[self:Any;index:Any;col:Any;value:Any;takeable:Any],None,/app/Repos/pandas/pandas/core/series.py,set_value,[self:Any;label:Any;value:Any;takeable:Any],None
/app/Repos/pandas/pandas/core/generic.py,_add_numeric_operations,[cls:Any],None,/app/Repos/pandas/pandas/core/generic.py,sem,[self:Any;axis:Any;skipna:Any;level:Any;ddof:Any;**kwargs:Any],None
/app/Repos/pandas/pandas/core/generic.py,_add_numeric_operations,[cls:Any],None,/app/Repos/pandas/pandas/core/generic.py,std,[self:Any;axis:Any;skipna:Any;level:Any;ddof:Any;**kwargs:Any],None
/app/Repos/pandas/pandas/core/generic.py,_add_numeric_operations,[cls:Any],None,/app/Repos/pandas/pandas/core/generic.py,var,[self:Any;axis:Any;skipna:Any;level:Any;ddof:Any;**kwargs:Any],None
/app/Repos/pandas/pandas/core/generic.py,_make_stat_function,[name:Any;desc:Any;f:Any],None,/app/Repos/pandas/pandas/core/generic.py,sem,[self:Any;axis:Any;skipna:Any;level:Any;ddof:Any;**kwargs:Any],None
/app/Repos/pandas/pandas/core/generic.py,_make_stat_function,[name:Any;desc:Any;f:Any],None,/app/Repos/pandas/pandas/core/generic.py,std,[self:Any;axis:Any;skipna:Any;level:Any;ddof:Any;**kwargs:Any],None
/app/Repos/pandas/pandas/core/generic.py,_make_stat_function,[name:Any;desc:Any;f:Any],None,/app/Repos/pandas/pandas/core/generic.py,var,[self:Any;axis:Any;skipna:Any;level:Any;ddof:Any;**kwargs:Any],None
/app/Repos/pandas/pandas/core/generic.py,compound,[self:Any;axis:Any;skipna:Any;level:Any;**kwargs:Any],None,/app/Repos/pandas/pandas/core/generic.py,sem,[self:Any;axis:Any;skipna:Any;level:Any;ddof:Any;**kwargs:Any],None
/app/Repos/pandas/pandas/core/generic.py,compound,[self:Any;axis:Any;skipna:Any;level:Any;**kwargs:Any],None,/app/Repos/pandas/pandas/core/generic.py,std,[self:Any;axis:Any;skipna:Any;level:Any;ddof:Any;**kwargs:Any],None
/app/Repos/pandas/pandas/core/generic.py,compound,[self:Any;axis:Any;skipna:Any;level:Any;**kwargs:Any],None,/app/Repos/pandas/pandas/core/generic.py,var,[self:Any;axis:Any;skipna:Any;level:Any;ddof:Any;**kwargs:Any],None
/app/Repos/pandas/pandas/core/generic.py,describe,[self:Any;percentile_width:Any;percentiles:Any],None,/app/Repos/pandas/pandas/core/generic.py,describe_categorical_1d,[data:Any],None
/app/Repos/pandas/pandas/core/generic.py,describe,[self:Any;percentile_width:Any;percentiles:Any],None,/app/Repos/pandas/pandas/core/generic.py,describe_numeric_1d,[series:Any;percentiles:Any],None
/app/Repos/pandas/pandas/core/generic.py,mad,[self:Any;axis:Any;skipna:Any;level:Any;**kwargs:Any],None,/app/Repos/pandas/pandas/core/generic.py,sem,[self:Any;axis:Any;skipna:Any;level:Any;ddof:Any;**kwargs:Any],None
/app/Repos/pandas/pandas/core/generic.py,mad,[self:Any;axis:Any;skipna:Any;level:Any;**kwargs:Any],None,/app/Repos/pandas/pandas/core/generic.py,var,[self:Any;axis:Any;skipna:Any;level:Any;ddof:Any;**kwargs:Any],None
/app/Repos/pandas/pandas/core/generic.py,sem,[self:Any;axis:Any;skipna:Any;level:Any;ddof:Any;**kwargs:Any],None,/app/Repos/pandas/pandas/core/generic.py,stat_func,[self:Any;axis:Any;skipna:Any;level:Any;numeric_only:Any;**kwargs:Any],None
/app/Repos/pandas/pandas/core/generic.py,sem,[self:Any;axis:Any;skipna:Any;level:Any;ddof:Any;**kwargs:Any],None,/app/Repos/pandas/pandas/core/generic.py,std,[self:Any;axis:Any;skipna:Any;level:Any;ddof:Any;**kwargs:Any],None
/app/Repos/pandas/pandas/core/generic.py,sem,[self:Any;axis:Any;skipna:Any;level:Any;ddof:Any;**kwargs:Any],None,/app/Repos/pandas/pandas/core/generic.py,var,[self:Any;axis:Any;skipna:Any;level:Any;ddof:Any;**kwargs:Any],None
/app/Repos/pandas/pandas/core/generic.py,stat_func,[self:Any;axis:Any;skipna:Any;level:Any;numeric_only:Any;**kwargs:Any],None,/app/Repos/pandas/pandas/core/generic.py,std,[self:Any;axis:Any;skipna:Any;level:Any;ddof:Any;**kwargs:Any],None
/app/Repos/pandas/pandas/core/generic.py,stat_func,[self:Any;axis:Any;skipna:Any;level:Any;numeric_only:Any;**kwargs:Any],None,/app/Repos/pandas/pandas/core/generic.py,var,[self:Any;axis:Any;skipna:Any;level:Any;ddof:Any;**kwargs:Any],None
/app/Repos/pandas/pandas/core/generic.py,std,[self:Any;axis:Any;skipna:Any;level:Any;ddof:Any;**kwargs:Any],None,/app/Repos/pandas/pandas/core/generic.py,var,[self:Any;axis:Any;skipna:Any;level:Any;ddof:Any;**kwargs:Any],None
/app/Repos/pandas/pandas/core/generic.py,tz_convert,[self:Any;tz:Any;axis:Any;copy:Any],None,/app/Repos/pandas/pandas/core/generic.py,tz_localize,[self:Any;tz:Any;axis:Any;copy:Any;infer_dst:Any],None
/app/Repos/pandas/pandas/core/index.py,__new__,[cls:Any;data:Any;dtype:Any;copy:Any;name:Any;fastpath:Any;tupleize_cols:Any;**kwargs:Any],None,/app/Repos/pandas/pandas/core/index.py,__new__,[cls:Any;data:Any;dtype:Any;copy:Any;name:Any;fastpath:Any],None
/app/Repos/pandas/pandas/core/index.py,__new__,[cls:Any;data:Any;dtype:Any;copy:Any;name:Any;fastpath:Any],None,/app/Repos/pandas/pandas/core/index.py,__new__,[cls:Any;data:Any;dtype:Any;copy:Any;name:Any;fastpath:Any],None
/app/Repos/pandas/pandas/core/index.py,__reduce__,[self:Any],None,/app/Repos/pandas/pandas/tseries/index.py,__reduce__,[self:Any],None
/app/Repos/pandas/pandas/core/index.py,__reduce__,[self:Any],None,/app/Repos/pandas/pandas/tseries/period.py,__reduce__,[self:Any],None
/app/Repos/pandas/pandas/core/index.py,_coerce_to_ndarray,[cls:Any;data:Any],None,/app/Repos/pandas/pandas/tseries/index.py,__new__,[cls:Any;data:Any;freq:Any;start:Any;end:Any;periods:Any;copy:Any;name:Any;tz:Any;verify_integrity:Any;normalize:Any;closed:Any;**kwds:Any],None
/app/Repos/pandas/pandas/core/index.py,_get_slice,[starting_value:Any;offset:Any;search_side:Any;slice_property:Any;search_value:Any],None,/app/Repos/pandas/pandas/core/index.py,slice_locs,[self:Any;start:Any;end:Any],None
/app/Repos/pandas/pandas/core/index.py,_set_labels,[self:Any;labels:Any;copy:Any;validate:Any;verify_integrity:Any],None,/app/Repos/pandas/pandas/core/index.py,_set_levels,[self:Any;levels:Any;copy:Any;validate:Any;verify_integrity:Any],None
/app/Repos/pandas/pandas/core/index.py,diff,[self:Any;other:Any],None,/app/Repos/pandas/pandas/core/index.py,intersection,[self:Any;other:Any],None
/app/Repos/pandas/pandas/core/index.py,diff,[self:Any;other:Any],None,/app/Repos/pandas/pandas/core/index.py,sym_diff,[self:Any;other:Any;result_name:Any],None
/app/Repos/pandas/pandas/core/index.py,diff,[self:Any;other:Any],None,/app/Repos/pandas/pandas/core/index.py,union,[self:Any;other:Any],None
/app/Repos/pandas/pandas/core/index.py,equals,[self:Any;other:Any],None,/app/Repos/pandas/pandas/core/index.py,equals,[self:Any;other:Any],None
/app/Repos/pandas/pandas/core/index.py,get_loc,[self:Any;key:Any],None,/app/Repos/pandas/pandas/core/index.py,get_loc_level,[self:Any;key:Any;level:Any;drop_level:Any],None
/app/Repos/pandas/pandas/core/index.py,get_loc_level,[self:Any;key:Any;level:Any;drop_level:Any],None,/app/Repos/pandas/pandas/core/index.py,partial_selection,[key:Any],None
/app/Repos/pandas/pandas/core/index.py,order,[self:Any;return_indexer:Any;ascending:Any],None,/app/Repos/pandas/pandas/tseries/index.py,order,[self:Any;return_indexer:Any;ascending:Any],None
/app/Repos/pandas/pandas/core/index.py,reindex,[self:Any;target:Any;method:Any;level:Any;limit:Any;copy_if_needed:Any],None,/app/Repos/pandas/pandas/core/index.py,reindex,[self:Any;target:Any;method:Any;level:Any;limit:Any;copy_if_needed:Any],None
/app/Repos/pandas/pandas/core/index.py,set_labels,[self:Any;labels:Any;inplace:Any;verify_integrity:Any],None,/app/Repos/pandas/pandas/core/index.py,set_levels,[self:Any;levels:Any;inplace:Any;verify_integrity:Any],None
/app/Repos/pandas/pandas/core/index.py,set_labels,[self:Any;labels:Any;inplace:Any;verify_integrity:Any],None,/app/Repos/pandas/pandas/core/index.py,set_names,[self:Any;names:Any;inplace:Any],None
/app/Repos/pandas/pandas/core/index.py,set_levels,[self:Any;levels:Any;inplace:Any;verify_integrity:Any],None,/app/Repos/pandas/pandas/core/index.py,set_names,[self:Any;names:Any;inplace:Any],None
/app/Repos/pandas/pandas/core/indexing.py,_getitem_axis,[self:Any;key:Any;axis:Any;validate_iterable:Any],None,/app/Repos/pandas/pandas/core/indexing.py,_getitem_axis,[self:Any;key:Any;axis:Any;validate_iterable:Any],None
/app/Repos/pandas/pandas/core/panel.py,_reduce,[self:Any;op:Any;axis:Any;skipna:Any;numeric_only:Any;filter_type:Any;**kwds:Any],None,/app/Repos/pandas/pandas/core/panel.py,_wrap_result,[self:Any;result:Any;axis:Any],None
/app/Repos/pandas/pandas/core/series.py,_sanitize_array,[data:Any;index:Any;dtype:Any;copy:Any;raise_cast_failure:Any],None,/app/Repos/pandas/pandas/sparse/array.py,astype,[self:Any;dtype:Any],None
/app/Repos/pandas/pandas/core/series.py,_unbox,[func:Any],None,/app/Repos/pandas/pandas/core/series.py,f,[self:Any;*args:Any;**kwargs:Any],None
/app/Repos/pandas/pandas/core/series.py,from_array,[cls:Any;arr:Any;index:Any;name:Any;copy:Any;fastpath:Any],None,/app/Repos/pandas/pandas/sparse/series.py,from_array,[cls:Any;arr:Any;index:Any;name:Any;copy:Any;fill_value:Any;fastpath:Any],None
/app/Repos/pandas/pandas/io/data.py,_parse_row_values,[val:Any],None,/app/Repos/pandas/pandas/io/data.py,_unpack,[row:Any;kind:Any],None
/app/Repos/pandas/pandas/io/data.py,get_all_data,[self:Any;call:Any;put:Any],None,/app/Repos/pandas/pandas/io/data.py,get_forward_data,[self:Any;months:Any;call:Any;put:Any;near:Any;above_below:Any],None
/app/Repos/pandas/pandas/io/parsers.py,_make_parser_function,[name:Any;sep:Any],None,/app/Repos/pandas/pandas/io/parsers.py,parser_f,[filepath_or_buffer:Any;sep:Any;dialect:Any;compression:Any;doublequote:Any;escapechar:Any;quotechar:Any;quoting:Any;skipinitialspace:Any;lineterminator:Any;header:Any;index_col:Any;names:Any;prefix:Any;skiprows:Any;skipfooter:Any;skip_footer:Any;na_values:Any;na_fvalues:Any;true_values:Any;false_values:Any;delimiter:Any;converters:Any;dtype:Any;usecols:Any;engine:Any;delim_whitespace:Any;as_recarray:Any;na_filter:Any;compact_ints:Any;use_unsigned:Any;low_memory:Any;buffer_lines:Any;warn_bad_lines:Any;error_bad_lines:Any;keep_default_na:Any;thousands:Any;comment:Any;decimal:Any;parse_dates:Any;keep_date_col:Any;dayfirst:Any;date_parser:Any;memory_map:Any;nrows:Any;iterator:Any;chunksize:Any;verbose:Any;encoding:Any;squeeze:Any;mangle_dupe_cols:Any;tupleize_cols:Any;infer_datetime_format:Any],None
/app/Repos/pandas/pandas/io/pytables.py,func,[_start:Any;_stop:Any],None,/app/Repos/pandas/pandas/io/pytables.py,select_as_multiple,[self:Any;keys:Any;where:Any;selector:Any;columns:Any;start:Any;stop:Any;iterator:Any;chunksize:Any;auto_close:Any;**kwargs:Any],None
/app/Repos/pandas/pandas/io/sql.py,_get_schema_legacy,[frame:Any;name:Any;flavor:Any;keys:Any],None,/app/Repos/pandas/pandas/io/sql.py,_sql_type_name,[self:Any;dtype:Any],None
/app/Repos/pandas/pandas/io/sql.py,_get_schema_legacy,[frame:Any;name:Any;flavor:Any;keys:Any],None,/app/Repos/pandas/pandas/io/sql.py,get_sqltype,[dtype:Any;flavor:Any],None
/app/Repos/pandas/pandas/io/sql.py,_sql_type_name,[self:Any;dtype:Any],None,/app/Repos/pandas/pandas/io/sql.py,get_sqltype,[dtype:Any;flavor:Any],None
/app/Repos/pandas/pandas/io/sql.py,read_sql,[self:Any;sql:Any;index_col:Any;coerce_float:Any;params:Any;parse_dates:Any],None,/app/Repos/pandas/pandas/io/sql.py,read_sql,[self:Any;sql:Any;index_col:Any;coerce_float:Any;parse_dates:Any;params:Any],None
/app/Repos/pandas/pandas/io/sql.py,read_sql,[sql:Any;con:Any;index_col:Any;coerce_float:Any;params:Any;parse_dates:Any;columns:Any],None,/app/Repos/pandas/pandas/io/sql.py,read_sql_query,[sql:Any;con:Any;index_col:Any;coerce_float:Any;params:Any;parse_dates:Any],None
/app/Repos/pandas/pandas/io/sql.py,read_sql_table,[table_name:Any;con:Any;index_col:Any;coerce_float:Any;parse_dates:Any;columns:Any],None,/app/Repos/pandas/pandas/io/sql.py,read_table,[self:Any;table_name:Any;index_col:Any;coerce_float:Any;parse_dates:Any;columns:Any],None
/app/Repos/pandas/pandas/io/sql.py,to_sql,[self:Any;frame:Any;name:Any;if_exists:Any;index:Any;index_label:Any],None,/app/Repos/pandas/pandas/io/sql.py,to_sql,[self:Any;frame:Any;name:Any;if_exists:Any;index:Any;index_label:Any],None
/app/Repos/pandas/pandas/io/stata.py,_dtype_to_default_stata_fmt,[dtype:Any],None,/app/Repos/pandas/pandas/io/stata.py,_dtype_to_stata_type,[dtype:Any],None
/app/Repos/pandas/pandas/io/stata.py,_write_data_dates,[self:Any],None,/app/Repos/pandas/pandas/io/stata.py,_write_data_nodates,[self:Any],None
/app/Repos/pandas/pandas/io/tests/test_data.py,setUpClass,[cls:Any],None,/app/Repos/pandas/pandas/io/tests/test_data.py,setUpClass,[cls:Any],None
/app/Repos/pandas/pandas/io/tests/test_data.py,test_get_call_data_warning,[self:Any],None,/app/Repos/pandas/pandas/io/tests/test_data.py,test_get_near_stock_price_warning,[self:Any],None
/app/Repos/pandas/pandas/io/tests/test_data.py,test_get_call_data_warning,[self:Any],None,/app/Repos/pandas/pandas/io/tests/test_data.py,test_get_options_data,[self:Any],None
/app/Repos/pandas/pandas/io/tests/test_data.py,test_get_call_data_warning,[self:Any],None,/app/Repos/pandas/pandas/io/tests/test_data.py,test_get_options_data_warning,[self:Any],None
/app/Repos/pandas/pandas/io/tests/test_data.py,test_get_call_data_warning,[self:Any],None,/app/Repos/pandas/pandas/io/tests/test_data.py,test_get_put_data_warning,[self:Any],None
/app/Repos/pandas/pandas/io/tests/test_data.py,test_get_near_stock_price,[self:Any],None,/app/Repos/pandas/pandas/io/tests/test_data.py,test_get_near_stock_price_warning,[self:Any],None
/app/Repos/pandas/pandas/io/tests/test_data.py,test_get_near_stock_price_warning,[self:Any],None,/app/Repos/pandas/pandas/io/tests/test_data.py,test_get_options_data_warning,[self:Any],None
/app/Repos/pandas/pandas/io/tests/test_data.py,test_get_near_stock_price_warning,[self:Any],None,/app/Repos/pandas/pandas/io/tests/test_data.py,test_get_put_data_warning,[self:Any],None
/app/Repos/pandas/pandas/io/tests/test_data.py,test_get_options_data,[self:Any],None,/app/Repos/pandas/pandas/io/tests/test_data.py,test_get_options_data_warning,[self:Any],None
/app/Repos/pandas/pandas/io/tests/test_data.py,test_get_options_data,[self:Any],None,/app/Repos/pandas/pandas/io/tests/test_data.py,test_get_put_data_warning,[self:Any],None
/app/Repos/pandas/pandas/io/tests/test_data.py,test_get_options_data_warning,[self:Any],None,/app/Repos/pandas/pandas/io/tests/test_data.py,test_get_put_data_warning,[self:Any],None
/app/Repos/pandas/pandas/io/tests/test_excel.py,raise_wrapper,[orig_method:Any],None,/app/Repos/pandas/pandas/io/tests/test_excel.py,wrapped,[self:Any;*args:Any;**kwargs:Any],None
/app/Repos/pandas/pandas/io/tests/test_sql.py,test_datetime,[self:Any],None,/app/Repos/pandas/pandas/io/tests/test_sql.py,test_nan_numeric,[self:Any],None
/app/Repos/pandas/pandas/sparse/tests/test_sparse.py,_test_roundtrip,[series:Any],None,/app/Repos/pandas/pandas/sparse/tests/test_sparse.py,test_pickle,[self:Any],None
/app/Repos/pandas/pandas/sparse/tests/test_sparse.py,test_pickle,[self:Any],None,/app/Repos/pandas/pandas/sparse/tests/test_sparse.py,test_pickle,[self:Any],None
/app/Repos/pandas/pandas/stats/moments.py,_expanding_func,[func:Any;desc:Any;check_minp:Any],None,/app/Repos/pandas/pandas/stats/moments.py,_rolling_func,[func:Any;desc:Any;check_minp:Any;how:Any],None
/app/Repos/pandas/pandas/stats/moments.py,_expanding_func,[func:Any;desc:Any;check_minp:Any],None,/app/Repos/pandas/pandas/stats/moments.py,f,[arg:Any;min_periods:Any;freq:Any;center:Any;**kwargs:Any],None
/app/Repos/pandas/pandas/stats/moments.py,_expanding_func,[func:Any;desc:Any;check_minp:Any],None,/app/Repos/pandas/pandas/stats/moments.py,f,[arg:Any;window:Any;min_periods:Any;freq:Any;center:Any;how:Any;**kwargs:Any],None
/app/Repos/pandas/pandas/stats/moments.py,_expanding_func,[func:Any;desc:Any;check_minp:Any],None,/app/Repos/pandas/pandas/stats/moments.py,rolling_quantile,[arg:Any;window:Any;quantile:Any;min_periods:Any;freq:Any;center:Any],None
/app/Repos/pandas/pandas/stats/moments.py,_get_cov,[X:Any;Y:Any],None,/app/Repos/pandas/pandas/stats/moments.py,rolling_cov,[arg1:Any;arg2:Any;window:Any;min_periods:Any;freq:Any;center:Any;pairwise:Any;how:Any],None
/app/Repos/pandas/pandas/stats/moments.py,_get_ewmcorr,[X:Any;Y:Any],None,/app/Repos/pandas/pandas/stats/moments.py,ewmcorr,[arg1:Any;arg2:Any;com:Any;span:Any;halflife:Any;min_periods:Any;freq:Any;pairwise:Any;how:Any],None
/app/Repos/pandas/pandas/stats/moments.py,_rolling_func,[func:Any;desc:Any;check_minp:Any;how:Any],None,/app/Repos/pandas/pandas/stats/moments.py,f,[arg:Any;min_periods:Any;freq:Any;center:Any;**kwargs:Any],None
/app/Repos/pandas/pandas/stats/moments.py,_rolling_func,[func:Any;desc:Any;check_minp:Any;how:Any],None,/app/Repos/pandas/pandas/stats/moments.py,f,[arg:Any;window:Any;min_periods:Any;freq:Any;center:Any;how:Any;**kwargs:Any],None
/app/Repos/pandas/pandas/stats/moments.py,_rolling_func,[func:Any;desc:Any;check_minp:Any;how:Any],None,/app/Repos/pandas/pandas/stats/moments.py,rolling_apply,[arg:Any;window:Any;func:Any;min_periods:Any;freq:Any;center:Any;args:Any;kwargs:Any],None
/app/Repos/pandas/pandas/stats/moments.py,_rolling_func,[func:Any;desc:Any;check_minp:Any;how:Any],None,/app/Repos/pandas/pandas/stats/moments.py,rolling_quantile,[arg:Any;window:Any;quantile:Any;min_periods:Any;freq:Any;center:Any],None
/app/Repos/pandas/pandas/stats/moments.py,ewmcorr,[arg1:Any;arg2:Any;com:Any;span:Any;halflife:Any;min_periods:Any;freq:Any;pairwise:Any;how:Any],None,/app/Repos/pandas/pandas/stats/moments.py,ewmcov,[arg1:Any;arg2:Any;com:Any;span:Any;halflife:Any;min_periods:Any;bias:Any;freq:Any;pairwise:Any;how:Any],None
/app/Repos/pandas/pandas/stats/moments.py,ewmcorr,[arg1:Any;arg2:Any;com:Any;span:Any;halflife:Any;min_periods:Any;freq:Any;pairwise:Any;how:Any],None,/app/Repos/pandas/pandas/stats/moments.py,ewmstd,[arg:Any;com:Any;span:Any;halflife:Any;min_periods:Any;bias:Any],None
/app/Repos/pandas/pandas/stats/moments.py,ewmcorr,[arg1:Any;arg2:Any;com:Any;span:Any;halflife:Any;min_periods:Any;freq:Any;pairwise:Any;how:Any],None,/app/Repos/pandas/pandas/stats/moments.py,expanding_corr,[arg1:Any;arg2:Any;min_periods:Any;freq:Any;center:Any;pairwise:Any],None
/app/Repos/pandas/pandas/stats/moments.py,ewmcorr,[arg1:Any;arg2:Any;com:Any;span:Any;halflife:Any;min_periods:Any;freq:Any;pairwise:Any;how:Any],None,/app/Repos/pandas/pandas/stats/moments.py,expanding_cov,[arg1:Any;arg2:Any;min_periods:Any;freq:Any;center:Any;pairwise:Any],None
/app/Repos/pandas/pandas/stats/moments.py,ewmcov,[arg1:Any;arg2:Any;com:Any;span:Any;halflife:Any;min_periods:Any;bias:Any;freq:Any;pairwise:Any;how:Any],None,/app/Repos/pandas/pandas/stats/moments.py,ewmstd,[arg:Any;com:Any;span:Any;halflife:Any;min_periods:Any;bias:Any],None
/app/Repos/pandas/pandas/stats/moments.py,ewmcov,[arg1:Any;arg2:Any;com:Any;span:Any;halflife:Any;min_periods:Any;bias:Any;freq:Any;pairwise:Any;how:Any],None,/app/Repos/pandas/pandas/stats/moments.py,expanding_corr,[arg1:Any;arg2:Any;min_periods:Any;freq:Any;center:Any;pairwise:Any],None
/app/Repos/pandas/pandas/stats/moments.py,ewmcov,[arg1:Any;arg2:Any;com:Any;span:Any;halflife:Any;min_periods:Any;bias:Any;freq:Any;pairwise:Any;how:Any],None,/app/Repos/pandas/pandas/stats/moments.py,expanding_cov,[arg1:Any;arg2:Any;min_periods:Any;freq:Any;center:Any;pairwise:Any],None
/app/Repos/pandas/pandas/stats/moments.py,ewmstd,[arg:Any;com:Any;span:Any;halflife:Any;min_periods:Any;bias:Any],None,/app/Repos/pandas/pandas/stats/moments.py,ewmvar,[arg:Any;com:Any;span:Any;halflife:Any;min_periods:Any;bias:Any;freq:Any;how:Any],None
/app/Repos/pandas/pandas/stats/moments.py,expanding_apply,[arg:Any;func:Any;min_periods:Any;freq:Any;center:Any;args:Any;kwargs:Any],None,/app/Repos/pandas/pandas/stats/moments.py,rolling_apply,[arg:Any;window:Any;func:Any;min_periods:Any;freq:Any;center:Any;args:Any;kwargs:Any],None
/app/Repos/pandas/pandas/stats/moments.py,expanding_corr,[arg1:Any;arg2:Any;min_periods:Any;freq:Any;center:Any;pairwise:Any],None,/app/Repos/pandas/pandas/stats/moments.py,expanding_cov,[arg1:Any;arg2:Any;min_periods:Any;freq:Any;center:Any;pairwise:Any],None
/app/Repos/pandas/pandas/stats/moments.py,expanding_corr,[arg1:Any;arg2:Any;min_periods:Any;freq:Any;center:Any;pairwise:Any],None,/app/Repos/pandas/pandas/stats/moments.py,rolling_corr,[arg1:Any;arg2:Any;window:Any;min_periods:Any;freq:Any;center:Any;pairwise:Any;how:Any],None
/app/Repos/pandas/pandas/stats/moments.py,expanding_corr,[arg1:Any;arg2:Any;min_periods:Any;freq:Any;center:Any;pairwise:Any],None,/app/Repos/pandas/pandas/stats/moments.py,rolling_cov,[arg1:Any;arg2:Any;window:Any;min_periods:Any;freq:Any;center:Any;pairwise:Any;how:Any],None
/app/Repos/pandas/pandas/stats/moments.py,expanding_corr_pairwise,[df1:Any;df2:Any;min_periods:Any;freq:Any;center:Any],None,/app/Repos/pandas/pandas/stats/moments.py,rolling_corr_pairwise,[df1:Any;df2:Any;window:Any;min_periods:Any;freq:Any;center:Any],None
/app/Repos/pandas/pandas/stats/moments.py,expanding_cov,[arg1:Any;arg2:Any;min_periods:Any;freq:Any;center:Any;pairwise:Any],None,/app/Repos/pandas/pandas/stats/moments.py,rolling_corr,[arg1:Any;arg2:Any;window:Any;min_periods:Any;freq:Any;center:Any;pairwise:Any;how:Any],None
/app/Repos/pandas/pandas/stats/moments.py,expanding_cov,[arg1:Any;arg2:Any;min_periods:Any;freq:Any;center:Any;pairwise:Any],None,/app/Repos/pandas/pandas/stats/moments.py,rolling_cov,[arg1:Any;arg2:Any;window:Any;min_periods:Any;freq:Any;center:Any;pairwise:Any;how:Any],None
/app/Repos/pandas/pandas/stats/moments.py,f,[arg:Any;min_periods:Any;freq:Any;center:Any;**kwargs:Any],None,/app/Repos/pandas/pandas/stats/moments.py,f,[arg:Any;window:Any;min_periods:Any;freq:Any;center:Any;how:Any;**kwargs:Any],None
/app/Repos/pandas/pandas/stats/moments.py,f,[arg:Any;min_periods:Any;freq:Any;center:Any;**kwargs:Any],None,/app/Repos/pandas/pandas/stats/moments.py,rolling_quantile,[arg:Any;window:Any;quantile:Any;min_periods:Any;freq:Any;center:Any],None
/app/Repos/pandas/pandas/stats/moments.py,f,[arg:Any;window:Any;min_periods:Any;freq:Any;center:Any;how:Any;**kwargs:Any],None,/app/Repos/pandas/pandas/stats/moments.py,rolling_apply,[arg:Any;window:Any;func:Any;min_periods:Any;freq:Any;center:Any;args:Any;kwargs:Any],None
/app/Repos/pandas/pandas/stats/moments.py,rolling_corr,[arg1:Any;arg2:Any;window:Any;min_periods:Any;freq:Any;center:Any;pairwise:Any;how:Any],None,/app/Repos/pandas/pandas/stats/moments.py,rolling_cov,[arg1:Any;arg2:Any;window:Any;min_periods:Any;freq:Any;center:Any;pairwise:Any;how:Any],None
/app/Repos/pandas/pandas/stats/tests/test_math.py,setUp,[self:Any],None,/app/Repos/pandas/pandas/stats/tests/test_moments.py,setUp,[self:Any],None
/app/Repos/pandas/pandas/stats/tests/test_moments.py,_check_ew_ndarray,[self:Any;func:Any;preserve_nan:Any],None,/app/Repos/pandas/pandas/stats/tests/test_moments.py,_check_ndarray,[self:Any;func:Any;static_comp:Any;window:Any;has_min_periods:Any;preserve_nan:Any;has_center:Any;fill_value:Any;test_stable:Any;test_window:Any],None
/app/Repos/pandas/pandas/stats/tests/test_moments.py,test_cmov_mean,[self:Any],None,/app/Repos/pandas/pandas/stats/tests/test_moments.py,test_cmov_window_frame,[self:Any],None
/app/Repos/pandas/pandas/stats/tests/test_moments.py,test_cmov_window,[self:Any],None,/app/Repos/pandas/pandas/stats/tests/test_moments.py,test_cmov_window_frame,[self:Any],None
/app/Repos/pandas/pandas/stats/tests/test_moments.py,test_cmov_window,[self:Any],None,/app/Repos/pandas/pandas/stats/tests/test_moments.py,test_cmov_window_na_min_periods,[self:Any],None
/app/Repos/pandas/pandas/stats/tests/test_moments.py,test_cmov_window_corner,[self:Any],None,/app/Repos/pandas/pandas/stats/tests/test_moments.py,test_cmov_window_frame,[self:Any],None
/app/Repos/pandas/pandas/stats/tests/test_moments.py,test_cmov_window_frame,[self:Any],None,/app/Repos/pandas/pandas/stats/tests/test_moments.py,test_cmov_window_na_min_periods,[self:Any],None
/app/Repos/pandas/pandas/stats/tests/test_moments.py,test_cmov_window_frame,[self:Any],None,/app/Repos/pandas/pandas/stats/tests/test_moments.py,test_cmov_window_regular,[self:Any],None
/app/Repos/pandas/pandas/stats/tests/test_moments.py,test_cmov_window_frame,[self:Any],None,/app/Repos/pandas/pandas/stats/tests/test_moments.py,test_cmov_window_special,[self:Any],None
/app/Repos/pandas/pandas/stats/tests/test_moments.py,test_cmov_window_regular,[self:Any],None,/app/Repos/pandas/pandas/stats/tests/test_moments.py,test_cmov_window_special,[self:Any],None
/app/Repos/pandas/pandas/tests/test_base.py,setUp,[self:Any],None,/app/Repos/pandas/pandas/tests/test_base.py,setUp,[self:Any],None
/app/Repos/pandas/pandas/tests/test_base.py,test_representation,[self:Any],None,/app/Repos/pandas/pandas/tests/test_base.py,test_representation,[self:Any],None
/app/Repos/pandas/pandas/tests/test_categorical.py,test_big_print,[self:Any],None,/app/Repos/pandas/pandas/tests/test_categorical.py,test_print,[self:Any],None
/app/Repos/pandas/pandas/tests/test_format.py,test_days_neg,[self:Any],None,/app/Repos/pandas/pandas/tests/test_format.py,test_mixed,[self:Any],None
/app/Repos/pandas/pandas/tests/test_format.py,test_days_neg,[self:Any],None,/app/Repos/pandas/pandas/tests/test_format.py,test_mixed_neg,[self:Any],None
/app/Repos/pandas/pandas/tests/test_format.py,test_legacy,[self:Any],None,/app/Repos/pandas/pandas/tests/test_format.py,test_long,[self:Any],None
/app/Repos/pandas/pandas/tests/test_format.py,test_legacy,[self:Any],None,/app/Repos/pandas/pandas/tests/test_format.py,test_short,[self:Any],None
/app/Repos/pandas/pandas/tests/test_format.py,test_long,[self:Any],None,/app/Repos/pandas/pandas/tests/test_format.py,test_short,[self:Any],None
/app/Repos/pandas/pandas/tests/test_format.py,test_mixed,[self:Any],None,/app/Repos/pandas/pandas/tests/test_format.py,test_mixed_neg,[self:Any],None
/app/Repos/pandas/pandas/tests/test_format.py,test_mixed,[self:Any],None,/app/Repos/pandas/pandas/tests/test_format.py,test_subdays,[self:Any],None
/app/Repos/pandas/pandas/tests/test_format.py,test_mixed,[self:Any],None,/app/Repos/pandas/pandas/tests/test_format.py,test_subdays_neg,[self:Any],None
/app/Repos/pandas/pandas/tests/test_format.py,test_mixed_neg,[self:Any],None,/app/Repos/pandas/pandas/tests/test_format.py,test_subdays,[self:Any],None
/app/Repos/pandas/pandas/tests/test_format.py,test_mixed_neg,[self:Any],None,/app/Repos/pandas/pandas/tests/test_format.py,test_subdays_neg,[self:Any],None
/app/Repos/pandas/pandas/tests/test_format.py,test_repr_html_wide,[self:Any],None,/app/Repos/pandas/pandas/tests/test_format.py,test_repr_html_wide_multiindex_cols,[self:Any],None
/app/Repos/pandas/pandas/tests/test_frame.py,test_bfill,[self:Any],None,/app/Repos/pandas/pandas/tests/test_frame.py,test_fillna,[self:Any],None
/app/Repos/pandas/pandas/tests/test_frame.py,test_ffill,[self:Any],None,/app/Repos/pandas/pandas/tests/test_frame.py,test_fillna,[self:Any],None
/app/Repos/pandas/pandas/tests/test_frame.py,test_icol,[self:Any],None,/app/Repos/pandas/pandas/tests/test_indexing.py,test_iloc_getitem_frame,[self:Any],None
/app/Repos/pandas/pandas/tests/test_frame.py,test_select_dtypes_bad_datetime64,[self:Any],None,/app/Repos/pandas/pandas/tests/test_frame.py,test_select_dtypes_include,[self:Any],None
/app/Repos/pandas/pandas/tests/test_frame.py,test_select_dtypes_exclude_include,[self:Any],None,/app/Repos/pandas/pandas/tests/test_frame.py,test_select_dtypes_include,[self:Any],None
/app/Repos/pandas/pandas/tests/test_frame.py,test_select_dtypes_include,[self:Any],None,/app/Repos/pandas/pandas/tests/test_frame.py,test_select_dtypes_not_an_attr_but_still_valid_dtype,[self:Any],None
/app/Repos/pandas/pandas/tests/test_frame.py,test_select_dtypes_include,[self:Any],None,/app/Repos/pandas/pandas/tests/test_frame.py,test_select_dtypes_str_raises,[self:Any],None
/app/Repos/pandas/pandas/tests/test_graphics.py,test_errorbar_with_partial_columns,[self:Any],None,/app/Repos/pandas/pandas/tests/test_graphics.py,test_hist_bins,[self:Any],None
/app/Repos/pandas/pandas/tests/test_graphics.py,test_kde,[self:Any],None,/app/Repos/pandas/pandas/tests/test_graphics.py,test_kde,[self:Any],None
/app/Repos/pandas/pandas/tests/test_graphics.py,test_kde,[self:Any],None,/app/Repos/pandas/pandas/tests/test_graphics.py,test_kde_kwargs,[self:Any],None
/app/Repos/pandas/pandas/tests/test_groupby.py,checkit,[dtype:Any],None,/app/Repos/pandas/pandas/tests/test_groupby.py,test_transform,[self:Any],None
/app/Repos/pandas/pandas/tests/test_groupby.py,test_basic,[self:Any],None,/app/Repos/pandas/pandas/tests/test_groupby.py,test_transform,[self:Any],None
/app/Repos/pandas/pandas/tests/test_groupby.py,test_frame_groupby_hist,[self:Any],None,/app/Repos/pandas/pandas/tests/test_groupby.py,test_series_groupby_plotting_nominally_works,[self:Any],None
/app/Repos/pandas/pandas/tests/test_index.py,_check,[op:Any],None,/app/Repos/pandas/pandas/tests/test_index.py,test_comparators,[self:Any],None
/app/Repos/pandas/pandas/tests/test_index.py,assert_matching,[actual:Any;expected:Any],None,/app/Repos/pandas/pandas/tests/test_index.py,test_set_levels_and_set_labels,[self:Any],None
/app/Repos/pandas/pandas/tests/test_index.py,test_pickle,[self:Any],None,/app/Repos/pandas/pandas/tests/test_index.py,testit,[index:Any],None
/app/Repos/pandas/pandas/tests/test_indexing.py,test_dups_fancy_indexing,[self:Any],None,/app/Repos/pandas/pandas/tests/test_indexing.py,test_iloc_empty_list_indexer_is_ok,[self:Any],None
/app/Repos/pandas/pandas/tests/test_indexing.py,test_dups_fancy_indexing,[self:Any],None,/app/Repos/pandas/pandas/tests/test_indexing.py,test_ix_empty_list_indexer_is_ok,[self:Any],None
/app/Repos/pandas/pandas/tests/test_indexing.py,test_dups_fancy_indexing,[self:Any],None,/app/Repos/pandas/pandas/tests/test_indexing.py,test_loc_empty_list_indexer_is_ok,[self:Any],None
/app/Repos/pandas/pandas/tests/test_indexing.py,test_partial_set_empty,[self:Any],None,/app/Repos/pandas/pandas/tools/tests/test_merge.py,test_append_length0_frame,[self:Any],None
/app/Repos/pandas/pandas/tests/test_indexing.py,test_slice_consolidate_invalidate_item_cache,[self:Any],None,/app/Repos/pandas/pandas/tests/test_series.py,test_underlying_data_conversion,[self:Any],None
/app/Repos/pandas/pandas/tests/test_panel.py,test_group_agg,[self:Any],None,/app/Repos/pandas/pandas/tests/test_panel4d.py,test_group_agg,[self:Any],None
/app/Repos/pandas/pandas/tests/test_series.py,test_timedelta64_equal_timedelta_supported_ops,[self:Any],None,/app/Repos/pandas/pandas/tests/test_series.py,timedelta64,[*args:Any],None
/app/Repos/pandas/pandas/tests/test_strings.py,test_center,[self:Any],None,/app/Repos/pandas/pandas/tests/test_strings.py,test_slice,[self:Any],None
/app/Repos/pandas/pandas/tests/test_strings.py,test_pad,[self:Any],None,/app/Repos/pandas/pandas/tests/test_strings.py,test_slice,[self:Any],None
/app/Repos/pandas/pandas/tests/test_strings.py,test_repeat,[self:Any],None,/app/Repos/pandas/pandas/tests/test_strings.py,test_slice,[self:Any],None
/app/Repos/pandas/pandas/tests/test_strings.py,test_slice,[self:Any],None,/app/Repos/pandas/pandas/tests/test_strings.py,test_split,[self:Any],None
/app/Repos/pandas/pandas/tools/plotting.py,__init__,[self:Any;data:Any;x:Any;y:Any;**kwargs:Any],None,/app/Repos/pandas/pandas/tools/plotting.py,__init__,[self:Any;data:Any;x:Any;y:Any;C:Any;**kwargs:Any],None
/app/Repos/pandas/pandas/tools/plotting.py,_add_table,[self:Any],None,/app/Repos/pandas/pandas/tools/plotting.py,_get_layout,[self:Any],None
/app/Repos/pandas/pandas/tools/plotting.py,_get_colors,[self:Any;num_colors:Any;color_kwds:Any],None,/app/Repos/pandas/pandas/tools/plotting.py,_get_layout,[self:Any],None
/app/Repos/pandas/pandas/tools/plotting.py,_get_layout,[self:Any],None,/app/Repos/pandas/pandas/tools/plotting.py,_iter_data,[self:Any;data:Any;keep_index:Any],None
/app/Repos/pandas/pandas/tools/plotting.py,_get_layout,[self:Any],None,/app/Repos/pandas/pandas/tools/plotting.py,_no_base,[self:Any;freq:Any],None
/app/Repos/pandas/pandas/tools/plotting.py,_get_layout,[self:Any],None,/app/Repos/pandas/pandas/tools/plotting.py,on_right,[self:Any;i:Any],None
/app/Repos/pandas/pandas/tools/plotting.py,_get_plot_function,[self:Any],None,/app/Repos/pandas/pandas/tools/plotting.py,plotf,[*args:Any;**kwds:Any],None
/app/Repos/pandas/pandas/tools/plotting.py,_get_ts_plot_function,[self:Any],None,/app/Repos/pandas/pandas/tools/plotting.py,_plot,[data:Any;ax:Any;label:Any;style:Any;**kwds:Any],None
/app/Repos/pandas/pandas/tools/plotting.py,_make_plot,[self:Any],None,/app/Repos/pandas/pandas/tools/plotting.py,_make_ts_plot,[self:Any;data:Any;**kwargs:Any],None
/app/Repos/pandas/pandas/tseries/index.py,__add__,[self:Any;other:Any],None,/app/Repos/pandas/pandas/tseries/index.py,__sub__,[self:Any;other:Any],None
/app/Repos/pandas/pandas/tseries/index.py,__reduce__,[self:Any],None,/app/Repos/pandas/pandas/tseries/period.py,__reduce__,[self:Any],None
/app/Repos/pandas/pandas/tseries/index.py,_join_i8_wrapper,[joinf:Any;with_indexers:Any],None,/app/Repos/pandas/pandas/tseries/index.py,wrapper,[left:Any;right:Any],None
/app/Repos/pandas/pandas/tseries/index.py,map,[self:Any;f:Any],None,/app/Repos/pandas/pandas/tseries/period.py,map,[self:Any;f:Any],None
/app/Repos/pandas/pandas/tseries/index.py,searchsorted,[self:Any;key:Any;side:Any],None,/app/Repos/pandas/pandas/tseries/period.py,searchsorted,[self:Any;key:Any;side:Any],None
/app/Repos/pandas/pandas/tseries/offsets.py,_decrement,[date:Any],None,/app/Repos/pandas/pandas/tseries/offsets.py,_decrement,[date:Any],None
/app/Repos/pandas/pandas/tseries/offsets.py,_get_year_end_last,[self:Any;dt:Any],None,/app/Repos/pandas/pandas/tseries/offsets.py,get_target_month_end,[self:Any;dt:Any],None
/app/Repos/pandas/pandas/tseries/offsets.py,_increment,[date:Any],None,/app/Repos/pandas/pandas/tseries/offsets.py,_increment,[date:Any],None
/app/Repos/pandas/pandas/tseries/period.py,_field_accessor,[name:Any;alias:Any],None,/app/Repos/pandas/pandas/tseries/period.py,_period_field_accessor,[name:Any;alias:Any],None
/app/Repos/pandas/pandas/tseries/period.py,get_loc,[self:Any;key:Any],None,/app/Repos/pandas/pandas/tseries/period.py,get_value,[self:Any;series:Any;key:Any],None
/app/Repos/pandas/pandas/tseries/tests/test_plotting.py,test_from_weekly_resampling,[self:Any],None,/app/Repos/pandas/pandas/tseries/tests/test_plotting.py,test_mixed_freq_lf_first,[self:Any],None
/app/Repos/pandas/pandas/tseries/tests/test_timedeltas.py,test_to_timedelta,[self:Any],None,/app/Repos/pandas/pandas/tseries/tests/test_timedeltas.py,test_to_timedelta_via_apply,[self:Any],None
/app/Repos/pandas/pandas/tseries/timedeltas.py,_convert_listlike,[arg:Any;box:Any;unit:Any],None,/app/Repos/pandas/pandas/tseries/timedeltas.py,to_timedelta,[arg:Any;box:Any;unit:Any],None
/app/Repos/pandas/pandas/tseries/timedeltas.py,_possibly_cast_to_timedelta,[value:Any;coerce:Any;dtype:Any],None,/app/Repos/pandas/pandas/tseries/timedeltas.py,convert,[td:Any;dtype:Any],None
/app/Repos/pandas/pandas/tseries/tools.py,_attempt_YYYYMMDD,[arg:Any],None,/app/Repos/pandas/pandas/tseries/tools.py,calc_with_mask,[carg:Any;mask:Any],None
/app/Repos/pandas/pandas/util/decorators.py,_deprecate_kwarg,[func:Any],None,/app/Repos/pandas/pandas/util/decorators.py,deprecate_kwarg,[old_arg_name:Any;new_arg_name:Any],None
/app/Repos/pandas/pandas/util/decorators.py,deprecate_kwarg,[old_arg_name:Any;new_arg_name:Any],None,/app/Repos/pandas/pandas/util/decorators.py,wrapper,[*args:Any;**kwargs:Any],None
