/app/Repos/pandas/bench/bench_tseries.py,140,175,/app/Repos/pandas/bench/bench_tseries.py,164,173
/app/Repos/pandas/doc/sphinxext/phantom_import.py,32,163,/app/Repos/pandas/doc/sphinxext/phantom_import.py,78,92
/app/Repos/pandas/bench/bench_unique.py,41,48,/app/Repos/pandas/bench/bench_unique.py,86,125
/app/Repos/pandas/bench/bench_unique.py,41,48,/app/Repos/pandas/bench/bench_unique.py,79,86
/app/Repos/pandas/bench/bench_unique.py,48,55,/app/Repos/pandas/bench/bench_unique.py,86,125
/app/Repos/pandas/bench/bench_unique.py,48,55,/app/Repos/pandas/bench/bench_unique.py,79,86
/app/Repos/pandas/doc/sphinxext/compiler_unparse.py,97,105,/app/Repos/pandas/doc/sphinxext/compiler_unparse.py,156,167
/app/Repos/pandas/bench/bench_unique.py,79,86,/app/Repos/pandas/bench/bench_unique.py,86,125
/app/Repos/pandas/bench/test.py,12,28,/app/Repos/pandas/bench/test.py,28,42
/app/Repos/pandas/bench/bench_unique.py,140,157,/app/Repos/pandas/bench/bench_unique.py,157,179
/app/Repos/pandas/bench/bench_unique.py,157,179,/app/Repos/pandas/bench/bench_unique.py,179,201
/app/Repos/pandas/pandas/core/algorithms.py,12,33,/app/Repos/pandas/pandas/core/algorithms.py,45,59
/app/Repos/pandas/bench/serialize.py,68,76,/app/Repos/pandas/bench/io_roundtrip.py,91,100
/app/Repos/pandas/doc/sphinxext/compiler_unparse.py,288,311,/app/Repos/pandas/doc/sphinxext/compiler_unparse.py,311,321
/app/Repos/pandas/doc/sphinxext/comment_eater.py,22,29,/app/Repos/pandas/doc/sphinxext/comment_eater.py,42,50
/app/Repos/pandas/bench/bench_tseries.py,71,112,/app/Repos/pandas/bench/bench_tseries.py,90,109
/app/Repos/pandas/bench/bench_unique.py,140,157,/app/Repos/pandas/bench/bench_unique.py,179,201
/app/Repos/pandas/bench/bench_unique.py,41,48,/app/Repos/pandas/bench/bench_unique.py,48,55
/app/Repos/pandas/doc/sphinxext/compiler_unparse.py,132,145,/app/Repos/pandas/doc/sphinxext/compiler_unparse.py,462,481
/app/Repos/pandas/doc/sphinxext/compiler_unparse.py,97,105,/app/Repos/pandas/doc/sphinxext/compiler_unparse.py,340,348
/app/Repos/pandas/scripts/file_sizes.py,43,54,/app/Repos/pandas/scripts/file_sizes.py,54,77
/app/Repos/pandas/doc/sphinxext/compiler_unparse.py,156,167,/app/Repos/pandas/doc/sphinxext/compiler_unparse.py,340,348
/app/Repos/pandas/doc/sphinxext/phantom_import.py,32,163,/app/Repos/pandas/doc/sphinxext/phantom_import.py,63,76
/app/Repos/pandas/doc/sphinxext/compiler_unparse.py,167,178,/app/Repos/pandas/doc/sphinxext/compiler_unparse.py,340,348
/app/Repos/pandas/doc/sphinxext/compiler_unparse.py,97,105,/app/Repos/pandas/doc/sphinxext/compiler_unparse.py,167,178
/app/Repos/pandas/doc/sphinxext/compiler_unparse.py,156,167,/app/Repos/pandas/doc/sphinxext/compiler_unparse.py,167,178
/app/Repos/pandas/doc/sphinxext/compiler_unparse.py,239,253,/app/Repos/pandas/doc/sphinxext/compiler_unparse.py,321,333
/app/Repos/pandas/doc/sphinxext/compiler_unparse.py,97,105,/app/Repos/pandas/doc/sphinxext/compiler_unparse.py,367,375
/app/Repos/pandas/doc/sphinxext/compiler_unparse.py,156,167,/app/Repos/pandas/doc/sphinxext/compiler_unparse.py,367,375
/app/Repos/pandas/doc/sphinxext/compiler_unparse.py,167,178,/app/Repos/pandas/doc/sphinxext/compiler_unparse.py,367,375
/app/Repos/pandas/doc/sphinxext/compiler_unparse.py,340,348,/app/Repos/pandas/doc/sphinxext/compiler_unparse.py,367,375
/app/Repos/pandas/scripts/groupby_sample.py,21,28,/app/Repos/pandas/scripts/groupby_sample.py,28,35
/app/Repos/pandas/doc/sphinxext/docscrape.py,87,112,/app/Repos/pandas/doc/sphinxext/traitsdoc.py,30,77
/app/Repos/pandas/pandas/core/generic.py,37,49,/app/Repos/pandas/pandas/core/generic.py,49,60
/app/Repos/pandas/pandas/core/datetools.py,299,309,/app/Repos/pandas/pandas/core/datetools.py,532,548
/app/Repos/pandas/bench/bench_unique.py,27,33,/app/Repos/pandas/bench/bench_unique.py,33,41
/app/Repos/pandas/bench/bench_unique.py,157,179,/app/Repos/pandas/bench/bench_unique.py,201,214
/app/Repos/pandas/bench/bench_unique.py,179,201,/app/Repos/pandas/bench/bench_unique.py,201,214
/app/Repos/pandas/scripts/file_sizes.py,150,168,/app/Repos/pandas/scripts/file_sizes.py,168,181
/app/Repos/pandas/pandas/tools/plotting.py,14,22,/app/Repos/pandas/pandas/tools/plotting.py,39,96
/app/Repos/pandas/pandas/core/generic.py,375,411,/app/Repos/pandas/pandas/core/generic.py,449,485
/app/Repos/pandas/pandas/core/datetools.py,483,505,/app/Repos/pandas/pandas/core/datetools.py,532,548
/app/Repos/pandas/pandas/core/generic.py,414,449,/app/Repos/pandas/pandas/core/generic.py,449,485
/app/Repos/pandas/scripts/testmed.py,38,64,/app/Repos/pandas/scripts/testmed.py,64,85
/app/Repos/pandas/vb_suite/make.py,51,70,/app/Repos/pandas/doc/make.py,61,80
/app/Repos/pandas/doc/sphinxext/docscrape.py,189,244,/app/Repos/pandas/doc/sphinxext/docscrape.py,199,210
/app/Repos/pandas/pandas/core/datetools.py,299,309,/app/Repos/pandas/pandas/core/datetools.py,483,505
/app/Repos/pandas/pandas/core/datetools.py,323,340,/app/Repos/pandas/pandas/core/datetools.py,483,505
/app/Repos/pandas/pandas/core/generic.py,135,159,/app/Repos/pandas/pandas/core/generic.py,159,177
/app/Repos/pandas/pandas/core/generic.py,375,411,/app/Repos/pandas/pandas/core/generic.py,414,449
/app/Repos/pandas/pandas/core/generic.py,375,411,/app/Repos/pandas/pandas/core/generic.py,485,521
/app/Repos/pandas/pandas/core/generic.py,414,449,/app/Repos/pandas/pandas/core/generic.py,485,521
/app/Repos/pandas/pandas/core/generic.py,449,485,/app/Repos/pandas/pandas/core/generic.py,485,521
/app/Repos/pandas/pandas/core/datetools.py,299,309,/app/Repos/pandas/pandas/core/datetools.py,323,340
/app/Repos/pandas/pandas/core/datetools.py,469,480,/app/Repos/pandas/pandas/core/datetools.py,518,529
/app/Repos/pandas/pandas/core/datetools.py,202,211,/app/Repos/pandas/pandas/core/datetools.py,211,220
/app/Repos/pandas/pandas/core/datetools.py,350,362,/app/Repos/pandas/pandas/core/datetools.py,409,426
/app/Repos/pandas/pandas/core/datetools.py,323,340,/app/Repos/pandas/pandas/core/datetools.py,565,595
/app/Repos/pandas/pandas/tools/plotting.py,39,96,/app/Repos/pandas/pandas/tools/plotting.py,58,64
/app/Repos/pandas/pandas/core/datetools.py,299,309,/app/Repos/pandas/pandas/core/datetools.py,599,608
/app/Repos/pandas/doc/sphinxext/docscrape.py,326,336,/app/Repos/pandas/doc/sphinxext/docscrape_sphinx.py,57,98
/app/Repos/pandas/scripts/testmed.py,29,38,/app/Repos/pandas/scripts/testmed.py,38,64
/app/Repos/pandas/pandas/core/datetools.py,141,163,/app/Repos/pandas/pandas/core/datetools.py,239,257
/app/Repos/pandas/doc/sphinxext/traitsdoc.py,83,100,/app/Repos/pandas/doc/sphinxext/docscrape_sphinx.py,175,193
/app/Repos/pandas/pandas/core/datetools.py,299,309,/app/Repos/pandas/pandas/core/datetools.py,617,626
/app/Repos/pandas/pandas/core/datetools.py,599,608,/app/Repos/pandas/pandas/core/datetools.py,617,626
/app/Repos/pandas/doc/sphinxext/docscrape.py,379,396,/app/Repos/pandas/doc/sphinxext/docscrape_sphinx.py,175,193
/app/Repos/pandas/doc/sphinxext/docscrape.py,369,379,/app/Repos/pandas/doc/sphinxext/docscrape_sphinx.py,123,139
/app/Repos/pandas/doc/sphinxext/traitsdoc.py,114,137,/app/Repos/pandas/doc/sphinxext/docscrape_sphinx.py,208,227
/app/Repos/pandas/doc/sphinxext/docscrape.py,326,336,/app/Repos/pandas/doc/sphinxext/docscrape_sphinx.py,36,49
/app/Repos/pandas/bench/bench_merge.py,8,30,/app/Repos/pandas/pandas/tools/tests/test_merge.py,24,34
/app/Repos/pandas/scripts/bench_join.py,56,71,/app/Repos/pandas/scripts/bench_join.py,77,84
/app/Repos/pandas/scripts/bench_join.py,77,84,/app/Repos/pandas/scripts/bench_join.py,84,95
/app/Repos/pandas/pandas/core/strings.py,10,19,/app/Repos/pandas/pandas/core/strings.py,11,17
/app/Repos/pandas/pandas/tools/tests/test_pivot.py,26,50,/app/Repos/pandas/pandas/tools/tests/test_pivot.py,50,57
/app/Repos/pandas/pandas/tools/tests/test_pivot.py,12,26,/app/Repos/pandas/pandas/tools/tests/test_pivot.py,150,166
/app/Repos/pandas/scripts/bench_join.py,77,84,/app/Repos/pandas/scripts/bench_join.py,95,106
/app/Repos/pandas/scripts/bench_join.py,84,95,/app/Repos/pandas/scripts/bench_join.py,95,106
/app/Repos/pandas/pandas/tools/tests/test_pivot.py,166,172,/app/Repos/pandas/pandas/tools/tests/test_pivot.py,172,185
/app/Repos/pandas/scripts/bench_join.py,37,44,/app/Repos/pandas/scripts/bench_join.py,44,51
/app/Repos/pandas/pandas/core/nanops.py,47,59,/app/Repos/pandas/pandas/core/nanops.py,159,171
/app/Repos/pandas/pandas/tools/tests/test_pivot.py,84,131,/app/Repos/pandas/pandas/tools/tests/test_pivot.py,85,99
/app/Repos/pandas/pandas/core/nanops.py,47,59,/app/Repos/pandas/pandas/core/nanops.py,59,78
/app/Repos/pandas/pandas/core/nanops.py,47,59,/app/Repos/pandas/pandas/core/nanops.py,210,218
/app/Repos/pandas/doc/sphinxext/docscrape_sphinx.py,36,49,/app/Repos/pandas/doc/sphinxext/docscrape_sphinx.py,57,98
/app/Repos/pandas/pandas/core/nanops.py,59,78,/app/Repos/pandas/pandas/core/nanops.py,210,218
/app/Repos/pandas/pandas/core/nanops.py,109,128,/app/Repos/pandas/pandas/core/nanops.py,159,171
/app/Repos/pandas/pandas/core/nanops.py,109,128,/app/Repos/pandas/pandas/core/nanops.py,210,218
/app/Repos/pandas/pandas/core/nanops.py,128,147,/app/Repos/pandas/pandas/core/nanops.py,210,218
/app/Repos/pandas/pandas/core/nanops.py,147,159,/app/Repos/pandas/pandas/core/nanops.py,210,218
/app/Repos/pandas/pandas/core/nanops.py,159,171,/app/Repos/pandas/pandas/core/nanops.py,210,218
/app/Repos/pandas/pandas/core/nanops.py,128,147,/app/Repos/pandas/pandas/core/nanops.py,159,171
/app/Repos/pandas/pandas/core/nanops.py,147,159,/app/Repos/pandas/pandas/core/nanops.py,159,171
/app/Repos/pandas/pandas/core/nanops.py,47,59,/app/Repos/pandas/pandas/core/nanops.py,128,147
/app/Repos/pandas/pandas/core/nanops.py,263,280,/app/Repos/pandas/pandas/core/nanops.py,298,311
/app/Repos/pandas/pandas/core/nanops.py,109,128,/app/Repos/pandas/pandas/core/nanops.py,128,147
/app/Repos/pandas/pandas/core/nanops.py,15,36,/app/Repos/pandas/pandas/core/nanops.py,20,34
/app/Repos/pandas/pandas/core/nanops.py,236,244,/app/Repos/pandas/pandas/core/nanops.py,244,257
/app/Repos/pandas/pandas/core/nanops.py,47,59,/app/Repos/pandas/pandas/core/nanops.py,147,159
/app/Repos/pandas/pandas/core/nanops.py,109,128,/app/Repos/pandas/pandas/core/nanops.py,147,159
/app/Repos/pandas/pandas/core/nanops.py,128,147,/app/Repos/pandas/pandas/core/nanops.py,147,159
/app/Repos/pandas/pandas/core/format.py,221,321,/app/Repos/pandas/pandas/core/format.py,234,246
/app/Repos/pandas/pandas/core/indexing.py,360,377,/app/Repos/pandas/pandas/core/series.py,455,471
/app/Repos/pandas/pandas/core/format.py,221,321,/app/Repos/pandas/pandas/core/format.py,253,265
/app/Repos/pandas/pandas/core/nanops.py,47,59,/app/Repos/pandas/pandas/core/nanops.py,109,128
/app/Repos/pandas/pandas/core/nanops.py,327,343,/app/Repos/pandas/pandas/core/nanops.py,328,341
/app/Repos/pandas/pandas/core/index.py,366,420,/app/Repos/pandas/pandas/core/index.py,427,461
/app/Repos/pandas/pandas/core/internals.py,422,435,/app/Repos/pandas/pandas/core/internals.py,509,541
/app/Repos/pandas/pandas/tools/merge.py,393,411,/app/Repos/pandas/pandas/tools/merge.py,411,426
/app/Repos/pandas/pandas/core/nanops.py,93,109,/app/Repos/pandas/pandas/core/nanops.py,236,244
/app/Repos/pandas/pandas/core/internals.py,892,906,/app/Repos/pandas/pandas/core/internals.py,906,917
/app/Repos/pandas/pandas/core/indexing.py,211,282,/app/Repos/pandas/pandas/core/indexing.py,287,319
/app/Repos/pandas/pandas/core/format.py,53,66,/app/Repos/pandas/pandas/core/format.py,129,156
/app/Repos/pandas/pandas/tools/tests/test_pivot.py,12,26,/app/Repos/pandas/pandas/tests/test_groupby.py,397,419
/app/Repos/pandas/pandas/tools/tests/test_pivot.py,150,166,/app/Repos/pandas/pandas/tests/test_groupby.py,397,419
/app/Repos/pandas/pandas/tools/tests/test_pivot.py,12,26,/app/Repos/pandas/pandas/tests/test_groupby.py,618,642
/app/Repos/pandas/pandas/tools/tests/test_pivot.py,150,166,/app/Repos/pandas/pandas/tests/test_groupby.py,618,642
/app/Repos/pandas/pandas/core/index.py,420,427,/app/Repos/pandas/pandas/core/daterange.py,304,315
/app/Repos/pandas/pandas/core/nanops.py,350,372,/app/Repos/pandas/pandas/core/common.py,277,285
/app/Repos/pandas/pandas/tools/tests/test_pivot.py,150,166,/app/Repos/pandas/pandas/tests/test_groupby.py,42,78
/app/Repos/pandas/pandas/tools/tests/test_pivot.py,12,26,/app/Repos/pandas/pandas/tests/test_groupby.py,42,78
/app/Repos/pandas/pandas/tools/tests/test_pivot.py,12,26,/app/Repos/pandas/pandas/tests/test_frame.py,3409,3439
/app/Repos/pandas/pandas/tools/tests/test_pivot.py,150,166,/app/Repos/pandas/pandas/tests/test_frame.py,3409,3439
/app/Repos/pandas/pandas/core/internals.py,823,846,/app/Repos/pandas/pandas/sparse/frame.py,617,641
/app/Repos/pandas/pandas/util/testing.py,120,126,/app/Repos/pandas/pandas/tests/test_internals.py,13,19
/app/Repos/pandas/pandas/core/frame.py,171,206,/app/Repos/pandas/pandas/core/frame.py,206,225
/app/Repos/pandas/pandas/util/counter.py,217,236,/app/Repos/pandas/pandas/util/counter.py,255,275
/app/Repos/pandas/pandas/util/counter.py,217,236,/app/Repos/pandas/pandas/util/counter.py,275,291
/app/Repos/pandas/pandas/util/counter.py,236,255,/app/Repos/pandas/pandas/util/counter.py,255,275
/app/Repos/pandas/pandas/util/counter.py,128,163,/app/Repos/pandas/pandas/util/counter.py,163,190
/app/Repos/pandas/pandas/util/counter.py,217,236,/app/Repos/pandas/pandas/util/counter.py,236,255
/app/Repos/pandas/pandas/util/counter.py,236,255,/app/Repos/pandas/pandas/util/counter.py,275,291
/app/Repos/pandas/pandas/core/frame.py,172,201,/app/Repos/pandas/pandas/core/frame.py,206,225
/app/Repos/pandas/pandas/core/frame.py,171,206,/app/Repos/pandas/pandas/core/frame.py,172,201
/app/Repos/pandas/pandas/core/frame.py,206,225,/app/Repos/pandas/pandas/core/frame.py,207,216
/app/Repos/pandas/pandas/core/daterange.py,315,330,/app/Repos/pandas/pandas/core/daterange.py,330,353
/app/Repos/pandas/pandas/core/frame.py,1008,1042,/app/Repos/pandas/pandas/core/frame.py,1042,1074
/app/Repos/pandas/pandas/util/counter.py,255,275,/app/Repos/pandas/pandas/util/counter.py,275,291
/app/Repos/pandas/pandas/core/daterange.py,276,298,/app/Repos/pandas/pandas/core/daterange.py,353,385
/app/Repos/pandas/pandas/core/frame.py,1831,1838,/app/Repos/pandas/pandas/core/frame.py,1838,1845
/app/Repos/pandas/pandas/core/frame.py,2459,2466,/app/Repos/pandas/pandas/core/frame.py,2466,2478
/app/Repos/pandas/pandas/core/daterange.py,392,407,/app/Repos/pandas/pandas/core/daterange.py,407,422
/app/Repos/pandas/pandas/core/daterange.py,315,330,/app/Repos/pandas/pandas/core/daterange.py,353,385
/app/Repos/pandas/pandas/core/frame.py,2459,2466,/app/Repos/pandas/pandas/core/frame.py,2832,2904
/app/Repos/pandas/pandas/core/frame.py,2773,2817,/app/Repos/pandas/pandas/core/frame.py,2796,2807
/app/Repos/pandas/pandas/core/series.py,133,144,/app/Repos/pandas/pandas/core/series.py,134,141
/app/Repos/pandas/pandas/core/series.py,872,882,/app/Repos/pandas/pandas/core/series.py,898,906
/app/Repos/pandas/pandas/core/series.py,41,84,/app/Repos/pandas/pandas/core/series.py,46,61
/app/Repos/pandas/pandas/core/series.py,322,359,/app/Repos/pandas/pandas/core/series.py,401,432
/app/Repos/pandas/pandas/core/series.py,882,890,/app/Repos/pandas/pandas/core/series.py,898,906
/app/Repos/pandas/pandas/core/frame.py,1305,1330,/app/Repos/pandas/pandas/core/series.py,496,517
/app/Repos/pandas/pandas/core/series.py,882,890,/app/Repos/pandas/pandas/core/series.py,890,898
/app/Repos/pandas/pandas/core/series.py,890,898,/app/Repos/pandas/pandas/core/series.py,898,906
/app/Repos/pandas/pandas/core/series.py,872,882,/app/Repos/pandas/pandas/core/series.py,914,923
/app/Repos/pandas/pandas/core/series.py,856,864,/app/Repos/pandas/pandas/core/series.py,890,898
/app/Repos/pandas/pandas/core/series.py,856,864,/app/Repos/pandas/pandas/core/series.py,898,906
/app/Repos/pandas/pandas/core/series.py,882,890,/app/Repos/pandas/pandas/core/series.py,914,923
/app/Repos/pandas/pandas/core/series.py,864,872,/app/Repos/pandas/pandas/core/series.py,890,898
/app/Repos/pandas/pandas/core/series.py,864,872,/app/Repos/pandas/pandas/core/series.py,898,906
/app/Repos/pandas/pandas/core/series.py,890,898,/app/Repos/pandas/pandas/core/series.py,914,923
/app/Repos/pandas/pandas/core/series.py,949,967,/app/Repos/pandas/pandas/core/series.py,967,985
/app/Repos/pandas/pandas/core/series.py,898,906,/app/Repos/pandas/pandas/core/series.py,914,923
/app/Repos/pandas/pandas/core/series.py,1904,1970,/app/Repos/pandas/pandas/core/series.py,1970,1998
/app/Repos/pandas/pandas/core/series.py,906,914,/app/Repos/pandas/pandas/core/series.py,914,923
/app/Repos/pandas/pandas/core/series.py,856,864,/app/Repos/pandas/pandas/core/series.py,914,923
/app/Repos/pandas/pandas/core/series.py,864,872,/app/Repos/pandas/pandas/core/series.py,914,923
/app/Repos/pandas/pandas/core/series.py,985,1014,/app/Repos/pandas/pandas/core/series.py,1043,1072
/app/Repos/pandas/pandas/core/series.py,1014,1043,/app/Repos/pandas/pandas/core/series.py,1043,1072
/app/Repos/pandas/pandas/core/series.py,872,882,/app/Repos/pandas/pandas/core/series.py,906,914
/app/Repos/pandas/pandas/core/series.py,882,890,/app/Repos/pandas/pandas/core/series.py,906,914
/app/Repos/pandas/pandas/core/series.py,890,898,/app/Repos/pandas/pandas/core/series.py,906,914
/app/Repos/pandas/pandas/core/frame.py,2268,2297,/app/Repos/pandas/pandas/core/series.py,1584,1606
/app/Repos/pandas/pandas/core/series.py,898,906,/app/Repos/pandas/pandas/core/series.py,906,914
/app/Repos/pandas/pandas/core/series.py,856,864,/app/Repos/pandas/pandas/core/series.py,906,914
/app/Repos/pandas/pandas/core/series.py,864,872,/app/Repos/pandas/pandas/core/series.py,906,914
/app/Repos/pandas/pandas/core/series.py,872,882,/app/Repos/pandas/pandas/core/series.py,882,890
/app/Repos/pandas/pandas/core/frame.py,2442,2450,/app/Repos/pandas/pandas/core/frame.py,2450,2459
/app/Repos/pandas/pandas/core/series.py,985,1014,/app/Repos/pandas/pandas/core/series.py,1014,1043
/app/Repos/pandas/pandas/core/series.py,41,84,/app/Repos/pandas/pandas/core/series.py,61,82
/app/Repos/pandas/pandas/core/series.py,856,864,/app/Repos/pandas/pandas/core/series.py,882,890
/app/Repos/pandas/pandas/core/frame.py,1712,1744,/app/Repos/pandas/pandas/core/series.py,1715,1743
/app/Repos/pandas/pandas/core/series.py,864,872,/app/Repos/pandas/pandas/core/series.py,882,890
/app/Repos/pandas/pandas/core/frame.py,1687,1712,/app/Repos/pandas/pandas/core/series.py,1715,1743
/app/Repos/pandas/pandas/core/series.py,882,890,/app/Repos/pandas/pandas/core/series.py,923,932
/app/Repos/pandas/pandas/core/series.py,890,898,/app/Repos/pandas/pandas/core/series.py,923,932
/app/Repos/pandas/pandas/core/series.py,898,906,/app/Repos/pandas/pandas/core/series.py,923,932
/app/Repos/pandas/pandas/core/series.py,906,914,/app/Repos/pandas/pandas/core/series.py,923,932
/app/Repos/pandas/pandas/core/series.py,914,923,/app/Repos/pandas/pandas/core/series.py,923,932
/app/Repos/pandas/pandas/core/frame.py,2672,2730,/app/Repos/pandas/pandas/core/series.py,1606,1649
/app/Repos/pandas/pandas/core/series.py,856,864,/app/Repos/pandas/pandas/core/series.py,923,932
/app/Repos/pandas/pandas/core/frame.py,2630,2672,/app/Repos/pandas/pandas/core/series.py,1606,1649
/app/Repos/pandas/pandas/core/frame.py,2730,2758,/app/Repos/pandas/pandas/core/series.py,2184,2208
/app/Repos/pandas/pandas/core/series.py,864,872,/app/Repos/pandas/pandas/core/series.py,923,932
/app/Repos/pandas/pandas/tests/test_datetools.py,147,154,/app/Repos/pandas/pandas/tests/test_datetools.py,390,398
/app/Repos/pandas/pandas/core/series.py,985,1014,/app/Repos/pandas/pandas/core/series.py,1072,1101
/app/Repos/pandas/pandas/core/frame.py,171,206,/app/Repos/pandas/pandas/core/frame.py,207,216
/app/Repos/pandas/pandas/tests/test_datetools.py,147,154,/app/Repos/pandas/pandas/tests/test_datetools.py,629,670
/app/Repos/pandas/pandas/core/series.py,1014,1043,/app/Repos/pandas/pandas/core/series.py,1072,1101
/app/Repos/pandas/pandas/core/series.py,1043,1072,/app/Repos/pandas/pandas/core/series.py,1072,1101
/app/Repos/pandas/pandas/core/frame.py,172,201,/app/Repos/pandas/pandas/core/frame.py,207,216
/app/Repos/pandas/pandas/core/frame.py,2390,2412,/app/Repos/pandas/pandas/core/series.py,1300,1346
/app/Repos/pandas/pandas/core/frame.py,171,206,/app/Repos/pandas/pandas/core/frame.py,2459,2466
/app/Repos/pandas/pandas/core/frame.py,172,201,/app/Repos/pandas/pandas/core/frame.py,2459,2466
/app/Repos/pandas/pandas/tests/test_datetools.py,352,390,/app/Repos/pandas/pandas/tests/test_datetools.py,726,743
/app/Repos/pandas/pandas/core/series.py,856,864,/app/Repos/pandas/pandas/core/series.py,864,872
/app/Repos/pandas/pandas/core/series.py,872,882,/app/Repos/pandas/pandas/core/series.py,932,941
/app/Repos/pandas/pandas/core/series.py,882,890,/app/Repos/pandas/pandas/core/series.py,932,941
/app/Repos/pandas/pandas/core/series.py,2077,2091,/app/Repos/pandas/pandas/core/series.py,2091,2108
/app/Repos/pandas/pandas/core/series.py,890,898,/app/Repos/pandas/pandas/core/series.py,932,941
/app/Repos/pandas/pandas/core/series.py,898,906,/app/Repos/pandas/pandas/core/series.py,932,941
/app/Repos/pandas/pandas/core/series.py,906,914,/app/Repos/pandas/pandas/core/series.py,932,941
/app/Repos/pandas/pandas/tests/test_datetools.py,147,154,/app/Repos/pandas/pandas/tests/test_datetools.py,522,558
/app/Repos/pandas/pandas/core/series.py,914,923,/app/Repos/pandas/pandas/core/series.py,932,941
/app/Repos/pandas/pandas/core/series.py,923,932,/app/Repos/pandas/pandas/core/series.py,932,941
/app/Repos/pandas/pandas/core/frame.py,2297,2336,/app/Repos/pandas/pandas/core/panel.py,738,773
/app/Repos/pandas/pandas/core/series.py,856,864,/app/Repos/pandas/pandas/core/series.py,932,941
/app/Repos/pandas/pandas/core/series.py,864,872,/app/Repos/pandas/pandas/core/series.py,932,941
/app/Repos/pandas/pandas/core/frame.py,1987,2022,/app/Repos/pandas/pandas/core/series.py,1816,1833
/app/Repos/pandas/pandas/core/series.py,1551,1573,/app/Repos/pandas/pandas/core/series.py,1816,1833
/app/Repos/pandas/pandas/tests/test_datetools.py,352,390,/app/Repos/pandas/pandas/tests/test_datetools.py,406,444
/app/Repos/pandas/pandas/core/series.py,274,287,/app/Repos/pandas/pandas/sparse/series.py,197,213
/app/Repos/pandas/pandas/core/series.py,1755,1795,/app/Repos/pandas/pandas/sparse/series.py,375,405
/app/Repos/pandas/pandas/tests/test_datetools.py,154,199,/app/Repos/pandas/pandas/tests/test_datetools.py,223,256
/app/Repos/pandas/pandas/tests/test_datetools.py,147,154,/app/Repos/pandas/pandas/tests/test_datetools.py,444,452
/app/Repos/pandas/pandas/tests/test_datetools.py,147,154,/app/Repos/pandas/pandas/tests/test_datetools.py,708,720
/app/Repos/pandas/pandas/core/frame.py,340,371,/app/Repos/pandas/pandas/sparse/frame.py,119,161
/app/Repos/pandas/pandas/core/frame.py,2466,2478,/app/Repos/pandas/pandas/sparse/frame.py,482,490
/app/Repos/pandas/pandas/tests/test_datetools.py,154,199,/app/Repos/pandas/pandas/tests/test_daterange.py,34,41
/app/Repos/pandas/pandas/tests/test_datetools.py,223,256,/app/Repos/pandas/pandas/tests/test_daterange.py,34,41
/app/Repos/pandas/pandas/tests/test_datetools.py,352,390,/app/Repos/pandas/pandas/tests/test_daterange.py,34,41
/app/Repos/pandas/pandas/core/frame.py,1987,2022,/app/Repos/pandas/pandas/sparse/frame.py,559,583
/app/Repos/pandas/pandas/core/series.py,1816,1833,/app/Repos/pandas/pandas/sparse/frame.py,559,583
/app/Repos/pandas/pandas/core/frame.py,171,206,/app/Repos/pandas/pandas/core/panel.py,87,99
/app/Repos/pandas/pandas/tests/test_datetools.py,147,154,/app/Repos/pandas/pandas/tests/test_datetools.py,842,854
/app/Repos/pandas/pandas/core/frame.py,572,605,/app/Repos/pandas/pandas/core/panel.py,283,323
/app/Repos/pandas/pandas/core/frame.py,1195,1209,/app/Repos/pandas/pandas/core/panel.py,592,602
/app/Repos/pandas/pandas/tests/test_datetools.py,147,154,/app/Repos/pandas/pandas/tests/test_datetools.py,795,807
/app/Repos/pandas/pandas/core/frame.py,318,327,/app/Repos/pandas/pandas/core/panel.py,228,238
/app/Repos/pandas/pandas/tests/test_datetools.py,390,398,/app/Repos/pandas/pandas/tests/test_datetools.py,522,558
/app/Repos/pandas/pandas/tests/test_datetools.py,444,452,/app/Repos/pandas/pandas/tests/test_datetools.py,522,558
/app/Repos/pandas/pandas/tests/test_datetools.py,522,558,/app/Repos/pandas/pandas/tests/test_datetools.py,750,760
/app/Repos/pandas/pandas/tests/test_datetools.py,629,670,/app/Repos/pandas/pandas/tests/test_datetools.py,750,760
/app/Repos/pandas/pandas/tests/test_datetools.py,390,398,/app/Repos/pandas/pandas/tests/test_datetools.py,750,760
/app/Repos/pandas/pandas/tests/test_datetools.py,444,452,/app/Repos/pandas/pandas/tests/test_datetools.py,750,760
/app/Repos/pandas/pandas/tests/test_datetools.py,858,867,/app/Repos/pandas/pandas/tests/test_datetools.py,876,885
/app/Repos/pandas/pandas/tests/test_datetools.py,867,876,/app/Repos/pandas/pandas/tests/test_datetools.py,876,885
/app/Repos/pandas/pandas/tests/test_datetools.py,457,462,/app/Repos/pandas/pandas/tests/test_datetools.py,563,568
/app/Repos/pandas/pandas/tests/test_datetools.py,522,558,/app/Repos/pandas/pandas/tests/test_datetools.py,629,670
/app/Repos/pandas/pandas/tests/test_datetools.py,390,398,/app/Repos/pandas/pandas/tests/test_datetools.py,629,670
/app/Repos/pandas/pandas/tests/test_datetools.py,444,452,/app/Repos/pandas/pandas/tests/test_datetools.py,629,670
/app/Repos/pandas/pandas/tests/test_datetools.py,406,444,/app/Repos/pandas/pandas/tests/test_datetools.py,809,842
/app/Repos/pandas/pandas/tests/test_datetools.py,672,708,/app/Repos/pandas/pandas/tests/test_datetools.py,809,842
/app/Repos/pandas/pandas/io/parsers.py,89,129,/app/Repos/pandas/pandas/io/parsers.py,129,143
/app/Repos/pandas/pandas/core/groupby.py,824,861,/app/Repos/pandas/pandas/core/groupby.py,830,842
/app/Repos/pandas/pandas/tests/test_datetools.py,726,743,/app/Repos/pandas/pandas/tests/test_datetools.py,809,842
/app/Repos/pandas/pandas/io/tests/test_pytables.py,88,98,/app/Repos/pandas/pandas/io/tests/test_pytables.py,114,120
/app/Repos/pandas/pandas/io/tests/test_pytables.py,67,88,/app/Repos/pandas/pandas/io/tests/test_pytables.py,114,120
/app/Repos/pandas/pandas/io/tests/test_pytables.py,98,109,/app/Repos/pandas/pandas/io/tests/test_pytables.py,114,120
/app/Repos/pandas/pandas/io/tests/test_pytables.py,114,120,/app/Repos/pandas/pandas/io/tests/test_pytables.py,386,418
/app/Repos/pandas/pandas/tests/test_datetools.py,762,795,/app/Repos/pandas/pandas/tests/test_datetools.py,809,842
/app/Repos/pandas/pandas/io/parsers.py,730,752,/app/Repos/pandas/pandas/io/parsers.py,752,764
/app/Repos/pandas/pandas/core/groupby.py,940,1004,/app/Repos/pandas/pandas/core/groupby.py,1148,1180
/app/Repos/pandas/pandas/tests/test_datetools.py,406,444,/app/Repos/pandas/pandas/tests/test_daterange.py,34,41
/app/Repos/pandas/pandas/tests/test_datetools.py,462,522,/app/Repos/pandas/pandas/tests/test_daterange.py,34,41
/app/Repos/pandas/pandas/tests/test_datetools.py,462,522,/app/Repos/pandas/pandas/tests/test_datetools.py,568,629
/app/Repos/pandas/pandas/tests/test_datetools.py,750,760,/app/Repos/pandas/pandas/tests/test_datetools.py,795,807
/app/Repos/pandas/pandas/tests/test_datetools.py,568,629,/app/Repos/pandas/pandas/tests/test_daterange.py,34,41
/app/Repos/pandas/pandas/tests/test_datetools.py,390,398,/app/Repos/pandas/pandas/tests/test_datetools.py,795,807
/app/Repos/pandas/pandas/tests/test_datetools.py,444,452,/app/Repos/pandas/pandas/tests/test_datetools.py,795,807
/app/Repos/pandas/pandas/tests/test_datetools.py,672,708,/app/Repos/pandas/pandas/tests/test_daterange.py,34,41
/app/Repos/pandas/pandas/tests/test_datetools.py,522,558,/app/Repos/pandas/pandas/tests/test_datetools.py,795,807
/app/Repos/pandas/pandas/tests/test_datetools.py,629,670,/app/Repos/pandas/pandas/tests/test_datetools.py,795,807
/app/Repos/pandas/pandas/tests/test_datetools.py,708,720,/app/Repos/pandas/pandas/tests/test_datetools.py,795,807
/app/Repos/pandas/pandas/core/groupby.py,164,190,/app/Repos/pandas/pandas/core/groupby.py,171,188
/app/Repos/pandas/pandas/io/tests/test_pytables.py,33,41,/app/Repos/pandas/pandas/io/tests/test_pytables.py,41,49
/app/Repos/pandas/pandas/tests/test_datetools.py,672,708,/app/Repos/pandas/pandas/tests/test_datetools.py,762,795
/app/Repos/pandas/pandas/tests/test_datetools.py,726,743,/app/Repos/pandas/pandas/tests/test_datetools.py,762,795
/app/Repos/pandas/pandas/tests/test_datetools.py,390,398,/app/Repos/pandas/pandas/tests/test_datetools.py,444,452
/app/Repos/pandas/pandas/tests/test_datetools.py,390,398,/app/Repos/pandas/pandas/tests/test_datetools.py,708,720
/app/Repos/pandas/pandas/io/parsers.py,615,637,/app/Repos/pandas/pandas/io/parsers.py,637,672
/app/Repos/pandas/pandas/tests/test_datetools.py,444,452,/app/Repos/pandas/pandas/tests/test_datetools.py,708,720
/app/Repos/pandas/pandas/tests/test_datetools.py,522,558,/app/Repos/pandas/pandas/tests/test_datetools.py,708,720
/app/Repos/pandas/pandas/tests/test_datetools.py,629,670,/app/Repos/pandas/pandas/tests/test_datetools.py,708,720
/app/Repos/pandas/pandas/io/tests/test_pytables.py,236,259,/app/Repos/pandas/pandas/io/tests/test_pytables.py,259,271
/app/Repos/pandas/pandas/core/panel.py,963,976,/app/Repos/pandas/pandas/core/panel.py,976,985
/app/Repos/pandas/pandas/sandbox/functions.py,7,16,/app/Repos/pandas/pandas/sandbox/functions.py,33,39
/app/Repos/pandas/pandas/sandbox/functions.py,27,33,/app/Repos/pandas/pandas/sandbox/functions.py,33,39
/app/Repos/pandas/pandas/sparse/tests/test_array.py,90,140,/app/Repos/pandas/pandas/sparse/tests/test_array.py,104,126
/app/Repos/pandas/pandas/core/groupby.py,338,360,/app/Repos/pandas/pandas/core/groupby.py,940,1004
/app/Repos/pandas/pandas/io/tests/test_sql.py,18,36,/app/Repos/pandas/pandas/io/tests/test_sql.py,36,52
/app/Repos/pandas/pandas/tests/test_datetools.py,462,522,/app/Repos/pandas/pandas/tests/test_datetools.py,726,743
/app/Repos/pandas/pandas/core/panel.py,707,725,/app/Repos/pandas/pandas/sparse/panel.py,349,378
/app/Repos/pandas/pandas/sparse/tests/test_array.py,90,140,/app/Repos/pandas/pandas/sparse/tests/test_sparse.py,434,442
/app/Repos/pandas/pandas/tests/test_datetools.py,858,867,/app/Repos/pandas/pandas/tests/test_datetools.py,867,876
/app/Repos/pandas/pandas/tests/test_datetools.py,390,398,/app/Repos/pandas/pandas/tests/test_datetools.py,842,854
/app/Repos/pandas/pandas/tests/test_datetools.py,444,452,/app/Repos/pandas/pandas/tests/test_datetools.py,842,854
/app/Repos/pandas/pandas/tests/test_datetools.py,522,558,/app/Repos/pandas/pandas/tests/test_datetools.py,842,854
/app/Repos/pandas/pandas/tests/test_datetools.py,629,670,/app/Repos/pandas/pandas/tests/test_datetools.py,842,854
/app/Repos/pandas/pandas/tests/test_datetools.py,795,807,/app/Repos/pandas/pandas/tests/test_datetools.py,842,854
/app/Repos/pandas/pandas/tests/test_datetools.py,708,720,/app/Repos/pandas/pandas/tests/test_datetools.py,842,854
/app/Repos/pandas/pandas/sandbox/functions.py,7,16,/app/Repos/pandas/pandas/sandbox/functions.py,27,33
/app/Repos/pandas/pandas/io/tests/test_sql.py,52,75,/app/Repos/pandas/pandas/io/tests/test_sql.py,75,96
/app/Repos/pandas/pandas/io/tests/test_pytables.py,149,169,/app/Repos/pandas/pandas/io/tests/test_pytables.py,367,386
/app/Repos/pandas/pandas/io/parsers.py,568,579,/app/Repos/pandas/pandas/io/parsers.py,688,703
/app/Repos/pandas/pandas/core/groupby.py,830,842,/app/Repos/pandas/pandas/core/groupby.py,1180,1223
/app/Repos/pandas/pandas/tests/test_datetools.py,568,629,/app/Repos/pandas/pandas/tests/test_datetools.py,726,743
/app/Repos/pandas/pandas/tests/test_datetools.py,672,708,/app/Repos/pandas/pandas/tests/test_datetools.py,726,743
/app/Repos/pandas/pandas/sandbox/functions.py,7,16,/app/Repos/pandas/pandas/sandbox/functions.py,39,45
/app/Repos/pandas/pandas/sandbox/functions.py,27,33,/app/Repos/pandas/pandas/sandbox/functions.py,39,45
/app/Repos/pandas/pandas/sandbox/functions.py,33,39,/app/Repos/pandas/pandas/sandbox/functions.py,39,45
/app/Repos/pandas/pandas/core/groupby.py,123,134,/app/Repos/pandas/pandas/core/groupby.py,134,144
/app/Repos/pandas/pandas/core/groupby.py,1090,1127,/app/Repos/pandas/pandas/core/groupby.py,1293,1315
/app/Repos/pandas/pandas/io/tests/test_pytables.py,67,88,/app/Repos/pandas/pandas/io/tests/test_pytables.py,88,98
/app/Repos/pandas/pandas/core/panel.py,725,738,/app/Repos/pandas/pandas/sparse/panel.py,384,406
/app/Repos/pandas/pandas/stats/tests/common.py,88,127,/app/Repos/pandas/pandas/stats/tests/common.py,127,153
/app/Repos/pandas/pandas/io/tests/test_parsers.py,162,173,/app/Repos/pandas/pandas/io/tests/test_parsers.py,451,470
/app/Repos/pandas/pandas/io/tests/test_parsers.py,692,706,/app/Repos/pandas/pandas/io/tests/test_parsers.py,706,717
/app/Repos/pandas/pandas/io/tests/test_parsers.py,674,680,/app/Repos/pandas/pandas/io/tests/test_parsers.py,706,717
/app/Repos/pandas/pandas/stats/plm.py,203,239,/app/Repos/pandas/pandas/stats/plm.py,239,287
/app/Repos/pandas/pandas/tests/test_common.py,12,24,/app/Repos/pandas/pandas/tests/test_common.py,24,43
/app/Repos/pandas/pandas/tests/test_common.py,200,209,/app/Repos/pandas/pandas/tests/test_common.py,209,226
/app/Repos/pandas/pandas/tools/tests/test_merge.py,63,87,/app/Repos/pandas/pandas/tools/tests/test_merge.py,113,137
/app/Repos/pandas/pandas/tools/tests/test_merge.py,87,113,/app/Repos/pandas/pandas/tools/tests/test_merge.py,113,137
/app/Repos/pandas/pandas/tools/tests/test_merge.py,564,583,/app/Repos/pandas/pandas/tests/test_groupby.py,42,78
/app/Repos/pandas/pandas/io/tests/test_pytables.py,259,271,/app/Repos/pandas/pandas/io/tests/test_pytables.py,271,284
/app/Repos/pandas/pandas/tests/test_graphics.py,15,27,/app/Repos/pandas/pandas/tests/test_graphics.py,51,63
/app/Repos/pandas/pandas/stats/tests/test_moments.py,73,81,/app/Repos/pandas/pandas/stats/tests/test_moments.py,74,79
/app/Repos/pandas/pandas/stats/tests/test_moments.py,154,188,/app/Repos/pandas/pandas/stats/tests/test_moments.py,225,232
/app/Repos/pandas/pandas/io/tests/test_parsers.py,398,423,/app/Repos/pandas/pandas/io/tests/test_parsers.py,423,451
/app/Repos/pandas/pandas/io/tests/test_parsers.py,674,680,/app/Repos/pandas/pandas/io/tests/test_parsers.py,692,706
/app/Repos/pandas/pandas/tools/tests/test_merge.py,63,87,/app/Repos/pandas/pandas/tools/tests/test_merge.py,87,113
/app/Repos/pandas/pandas/io/tests/test_parsers.py,617,672,/app/Repos/pandas/pandas/io/tests/test_parsers.py,649,660
/app/Repos/pandas/pandas/tests/test_common.py,200,209,/app/Repos/pandas/pandas/tests/test_common.py,252,281
/app/Repos/pandas/pandas/tests/test_common.py,209,226,/app/Repos/pandas/pandas/tests/test_common.py,252,281
/app/Repos/pandas/pandas/stats/misc.py,74,82,/app/Repos/pandas/pandas/stats/misc.py,241,257
/app/Repos/pandas/pandas/tools/tests/test_merge.py,137,145,/app/Repos/pandas/pandas/tools/tests/test_merge.py,153,161
/app/Repos/pandas/pandas/tools/tests/test_merge.py,145,153,/app/Repos/pandas/pandas/tools/tests/test_merge.py,153,161
/app/Repos/pandas/pandas/stats/tests/test_moments.py,89,97,/app/Repos/pandas/pandas/stats/tests/test_moments.py,97,105
/app/Repos/pandas/pandas/tools/tests/test_merge.py,224,232,/app/Repos/pandas/pandas/tools/tests/test_merge.py,266,271
/app/Repos/pandas/pandas/stats/tests/test_moments.py,232,239,/app/Repos/pandas/pandas/stats/tests/test_moments.py,239,255
/app/Repos/pandas/pandas/io/tests/test_parsers.py,617,672,/app/Repos/pandas/pandas/io/tests/test_parsers.py,627,638
/app/Repos/pandas/pandas/tools/tests/test_merge.py,368,408,/app/Repos/pandas/pandas/tools/tests/test_merge.py,564,583
/app/Repos/pandas/pandas/io/tests/test_parsers.py,680,686,/app/Repos/pandas/pandas/io/tests/test_parsers.py,717,728
/app/Repos/pandas/pandas/io/tests/test_parsers.py,686,692,/app/Repos/pandas/pandas/io/tests/test_parsers.py,717,728
/app/Repos/pandas/pandas/io/tests/test_pytables.py,284,325,/app/Repos/pandas/pandas/io/tests/test_pytables.py,285,295
/app/Repos/pandas/pandas/stats/misc.py,150,182,/app/Repos/pandas/pandas/stats/misc.py,171,180
/app/Repos/pandas/pandas/io/tests/test_parsers.py,617,672,/app/Repos/pandas/pandas/io/tests/test_parsers.py,638,649
/app/Repos/pandas/pandas/io/tests/test_parsers.py,627,638,/app/Repos/pandas/pandas/io/tests/test_parsers.py,638,649
/app/Repos/pandas/pandas/io/tests/test_pytables.py,431,445,/app/Repos/pandas/pandas/io/tests/test_pytables.py,445,460
/app/Repos/pandas/pandas/io/tests/test_parsers.py,674,680,/app/Repos/pandas/pandas/io/tests/test_parsers.py,728,735
/app/Repos/pandas/pandas/stats/tests/test_moments.py,263,286,/app/Repos/pandas/pandas/stats/tests/test_moments.py,264,282
/app/Repos/pandas/pandas/io/tests/test_parsers.py,325,335,/app/Repos/pandas/pandas/io/tests/test_parsers.py,345,380
/app/Repos/pandas/pandas/io/tests/test_parsers.py,519,531,/app/Repos/pandas/pandas/io/tests/test_parsers.py,531,542
/app/Repos/pandas/pandas/io/tests/test_parsers.py,680,686,/app/Repos/pandas/pandas/io/tests/test_parsers.py,728,735
/app/Repos/pandas/pandas/tests/test_common.py,162,177,/app/Repos/pandas/pandas/tests/test_common.py,163,171
/app/Repos/pandas/pandas/stats/tests/test_moments.py,118,154,/app/Repos/pandas/pandas/stats/tests/test_moments.py,209,225
/app/Repos/pandas/pandas/tools/tests/test_merge.py,137,145,/app/Repos/pandas/pandas/tools/tests/test_merge.py,161,169
/app/Repos/pandas/pandas/tools/tests/test_merge.py,145,153,/app/Repos/pandas/pandas/tools/tests/test_merge.py,161,169
/app/Repos/pandas/pandas/io/tests/test_parsers.py,674,680,/app/Repos/pandas/pandas/io/tests/test_parsers.py,680,686
/app/Repos/pandas/pandas/tools/tests/test_merge.py,153,161,/app/Repos/pandas/pandas/tools/tests/test_merge.py,161,169
/app/Repos/pandas/pandas/io/tests/test_parsers.py,205,214,/app/Repos/pandas/pandas/io/tests/test_parsers.py,214,222
/app/Repos/pandas/pandas/io/tests/test_parsers.py,674,680,/app/Repos/pandas/pandas/io/tests/test_parsers.py,686,692
/app/Repos/pandas/pandas/io/tests/test_parsers.py,680,686,/app/Repos/pandas/pandas/io/tests/test_parsers.py,686,692
/app/Repos/pandas/pandas/tests/test_common.py,145,162,/app/Repos/pandas/pandas/tests/test_common.py,146,155
/app/Repos/pandas/pandas/tests/test_common.py,162,177,/app/Repos/pandas/pandas/tests/test_common.py,177,200
/app/Repos/pandas/pandas/tests/test_common.py,163,171,/app/Repos/pandas/pandas/tests/test_common.py,177,200
/app/Repos/pandas/pandas/tests/test_common.py,226,236,/app/Repos/pandas/pandas/tests/test_common.py,236,252
/app/Repos/pandas/pandas/tests/test_common.py,106,114,/app/Repos/pandas/pandas/tests/test_common.py,114,122
/app/Repos/pandas/pandas/tools/tests/test_merge.py,137,145,/app/Repos/pandas/pandas/tools/tests/test_merge.py,145,153
/app/Repos/pandas/pandas/tests/test_common.py,177,200,/app/Repos/pandas/pandas/tests/test_common.py,178,194
/app/Repos/pandas/pandas/tools/tests/test_merge.py,244,256,/app/Repos/pandas/pandas/tools/tests/test_merge.py,256,266
/app/Repos/pandas/pandas/tests/test_common.py,163,171,/app/Repos/pandas/pandas/tests/test_common.py,178,194
/app/Repos/pandas/pandas/tools/tests/test_merge.py,188,224,/app/Repos/pandas/pandas/tools/tests/test_merge.py,256,266
/app/Repos/pandas/pandas/stats/plm.py,482,515,/app/Repos/pandas/pandas/stats/ols.py,537,548
/app/Repos/pandas/pandas/tests/test_panel.py,764,809,/app/Repos/pandas/pandas/tests/test_panel.py,809,817
/app/Repos/pandas/pandas/tests/test_panel.py,198,219,/app/Repos/pandas/pandas/tests/test_panel.py,1090,1126
/app/Repos/pandas/pandas/tests/test_multilevel.py,81,102,/app/Repos/pandas/pandas/tests/test_multilevel.py,82,97
/app/Repos/pandas/pandas/tests/test_panel.py,252,289,/app/Repos/pandas/pandas/tests/test_panel.py,253,281
/app/Repos/pandas/pandas/tests/test_panel.py,427,439,/app/Repos/pandas/pandas/tests/test_panel.py,445,456
/app/Repos/pandas/pandas/tests/test_panel.py,439,445,/app/Repos/pandas/pandas/tests/test_panel.py,456,463
/app/Repos/pandas/pandas/tests/test_groupby.py,245,271,/app/Repos/pandas/pandas/tests/test_groupby.py,246,264
/app/Repos/pandas/pandas/tests/test_panel.py,718,741,/app/Repos/pandas/pandas/tests/test_panel.py,809,817
/app/Repos/pandas/pandas/tests/test_daterange.py,138,170,/app/Repos/pandas/pandas/tests/test_daterange.py,170,200
/app/Repos/pandas/pandas/tests/test_multilevel.py,286,301,/app/Repos/pandas/pandas/tests/test_multilevel.py,301,317
/app/Repos/pandas/pandas/tests/test_panel.py,319,327,/app/Repos/pandas/pandas/tests/test_panel.py,575,583
/app/Repos/pandas/pandas/tests/test_panel.py,319,327,/app/Repos/pandas/pandas/tests/test_panel.py,583,599
/app/Repos/pandas/pandas/tests/test_groupby.py,149,155,/app/Repos/pandas/pandas/tests/test_groupby.py,294,323
/app/Repos/pandas/pandas/tests/test_groupby.py,78,122,/app/Repos/pandas/pandas/tests/test_groupby.py,282,294
/app/Repos/pandas/pandas/tests/test_multilevel.py,346,362,/app/Repos/pandas/pandas/tests/test_multilevel.py,828,849
/app/Repos/pandas/pandas/tests/test_groupby.py,397,419,/app/Repos/pandas/pandas/tests/test_groupby.py,618,642
/app/Repos/pandas/pandas/tests/test_multilevel.py,346,362,/app/Repos/pandas/pandas/tests/test_multilevel.py,413,421
/app/Repos/pandas/pandas/tests/test_multilevel.py,868,879,/app/Repos/pandas/pandas/tests/test_multilevel.py,879,906
/app/Repos/pandas/pandas/tests/test_panel.py,575,583,/app/Repos/pandas/pandas/tests/test_panel.py,583,599
/app/Repos/pandas/pandas/tests/test_multilevel.py,652,660,/app/Repos/pandas/pandas/tests/test_multilevel.py,675,703
/app/Repos/pandas/pandas/tests/test_panel.py,993,1008,/app/Repos/pandas/pandas/tests/test_frame.py,2368,2437
/app/Repos/pandas/pandas/tests/test_groupby.py,149,155,/app/Repos/pandas/pandas/tests/test_groupby.py,424,440
/app/Repos/pandas/pandas/tests/test_multilevel.py,21,53,/app/Repos/pandas/pandas/tests/test_series.py,103,116
/app/Repos/pandas/pandas/tests/test_groupby.py,642,675,/app/Repos/pandas/pandas/tests/test_groupby.py,646,666
/app/Repos/pandas/pandas/tests/test_daterange.py,51,56,/app/Repos/pandas/pandas/tests/test_daterange.py,56,73
/app/Repos/pandas/pandas/tests/test_multilevel.py,510,537,/app/Repos/pandas/pandas/tests/test_multilevel.py,511,519
/app/Repos/pandas/pandas/tests/test_multilevel.py,62,81,/app/Repos/pandas/pandas/tests/test_multilevel.py,906,915
/app/Repos/pandas/pandas/tests/test_groupby.py,382,389,/app/Repos/pandas/pandas/tests/test_groupby.py,1064,1070
/app/Repos/pandas/pandas/tests/test_groupby.py,294,323,/app/Repos/pandas/pandas/tests/test_groupby.py,323,329
/app/Repos/pandas/pandas/tests/test_groupby.py,374,382,/app/Repos/pandas/pandas/tests/test_groupby.py,389,397
/app/Repos/pandas/pandas/tests/test_groupby.py,149,155,/app/Repos/pandas/pandas/tests/test_groupby.py,389,397
/app/Repos/pandas/pandas/tests/test_groupby.py,523,541,/app/Repos/pandas/pandas/tests/test_groupby.py,541,579
/app/Repos/pandas/pandas/tests/test_multilevel.py,362,385,/app/Repos/pandas/pandas/tests/test_index.py,1042,1048
/app/Repos/pandas/pandas/tests/test_multilevel.py,798,817,/app/Repos/pandas/pandas/tests/test_index.py,1042,1048
/app/Repos/pandas/pandas/tests/test_groupby.py,149,155,/app/Repos/pandas/pandas/tests/test_groupby.py,1070,1081
/app/Repos/pandas/pandas/tests/test_multilevel.py,1024,1071,/app/Repos/pandas/pandas/tests/test_index.py,1042,1048
/app/Repos/pandas/pandas/tests/test_groupby.py,1023,1028,/app/Repos/pandas/pandas/tests/test_groupby.py,1028,1033
/app/Repos/pandas/pandas/core/common.py,459,467,/app/Repos/pandas/pandas/core/common.py,470,478
/app/Repos/pandas/pandas/core/common.py,199,250,/app/Repos/pandas/pandas/core/common.py,256,267
/app/Repos/pandas/pandas/tests/test_series.py,53,67,/app/Repos/pandas/pandas/tests/test_series.py,71,81
/app/Repos/pandas/pandas/sparse/tests/test_sparse.py,348,372,/app/Repos/pandas/pandas/sparse/tests/test_sparse.py,349,362
/app/Repos/pandas/pandas/sparse/tests/test_sparse.py,481,523,/app/Repos/pandas/pandas/sparse/tests/test_sparse.py,484,500
/app/Repos/pandas/pandas/tests/test_groupby.py,1402,1424,/app/Repos/pandas/pandas/tests/test_groupby.py,1405,1412
/app/Repos/pandas/pandas/tests/test_tseries.py,104,118,/app/Repos/pandas/pandas/tests/test_tseries.py,118,132
/app/Repos/pandas/pandas/sparse/tests/test_libsparse.py,66,161,/app/Repos/pandas/pandas/sparse/tests/test_libsparse.py,67,81
/app/Repos/pandas/pandas/sparse/tests/test_libsparse.py,210,216,/app/Repos/pandas/pandas/sparse/tests/test_libsparse.py,248,253
/app/Repos/pandas/pandas/sparse/tests/test_libsparse.py,337,345,/app/Repos/pandas/pandas/sparse/tests/test_libsparse.py,345,353
/app/Repos/pandas/pandas/sparse/tests/test_libsparse.py,272,298,/app/Repos/pandas/pandas/sparse/tests/test_libsparse.py,298,336
/app/Repos/pandas/pandas/sparse/tests/test_libsparse.py,161,183,/app/Repos/pandas/pandas/sparse/tests/test_libsparse.py,163,175
/app/Repos/pandas/pandas/sparse/tests/test_libsparse.py,273,296,/app/Repos/pandas/pandas/sparse/tests/test_libsparse.py,298,336
/app/Repos/pandas/pandas/sparse/tests/test_libsparse.py,253,266,/app/Repos/pandas/pandas/sparse/tests/test_libsparse.py,254,264
/app/Repos/pandas/pandas/sparse/tests/test_sparse.py,442,481,/app/Repos/pandas/pandas/sparse/tests/test_sparse.py,443,453
/app/Repos/pandas/pandas/sparse/tests/test_sparse.py,279,309,/app/Repos/pandas/pandas/sparse/tests/test_sparse.py,280,294
/app/Repos/pandas/pandas/sparse/tests/test_sparse.py,379,425,/app/Repos/pandas/pandas/sparse/tests/test_sparse.py,387,404
/app/Repos/pandas/pandas/tests/test_series.py,81,103,/app/Repos/pandas/pandas/tests/test_series.py,103,116
/app/Repos/pandas/pandas/sparse/tests/test_sparse.py,379,425,/app/Repos/pandas/pandas/sparse/tests/test_sparse.py,380,387
/app/Repos/pandas/pandas/sparse/panel.py,423,443,/app/Repos/pandas/pandas/sparse/frame.py,223,232
/app/Repos/pandas/pandas/sparse/tests/test_sparse.py,264,273,/app/Repos/pandas/pandas/sparse/tests/test_sparse.py,265,271
/app/Repos/pandas/pandas/sparse/tests/test_sparse.py,481,523,/app/Repos/pandas/pandas/sparse/tests/test_sparse.py,500,510
/app/Repos/pandas/pandas/sparse/tests/test_sparse.py,578,605,/app/Repos/pandas/pandas/sparse/tests/test_sparse.py,579,589
/app/Repos/pandas/pandas/sparse/tests/test_sparse.py,320,331,/app/Repos/pandas/pandas/tests/test_series.py,549,560
/app/Repos/pandas/pandas/tests/test_groupby.py,1196,1213,/app/Repos/pandas/pandas/tests/test_groupby.py,1213,1232
/app/Repos/pandas/pandas/tests/test_tseries.py,26,42,/app/Repos/pandas/pandas/tests/test_tseries.py,59,75
/app/Repos/pandas/pandas/tests/test_tseries.py,42,59,/app/Repos/pandas/pandas/tests/test_tseries.py,59,75
/app/Repos/pandas/pandas/tests/test_groupby.py,1304,1328,/app/Repos/pandas/pandas/tests/test_series.py,1703,1710
/app/Repos/pandas/pandas/tests/test_tseries.py,218,233,/app/Repos/pandas/pandas/tests/test_tseries.py,221,230
/app/Repos/pandas/pandas/tests/test_tseries.py,294,308,/app/Repos/pandas/pandas/tests/test_tseries.py,325,343
/app/Repos/pandas/pandas/sparse/tests/test_libsparse.py,248,253,/app/Repos/pandas/pandas/tests/test_index.py,1051,1095
/app/Repos/pandas/pandas/sparse/tests/test_libsparse.py,183,208,/app/Repos/pandas/pandas/sparse/tests/test_libsparse.py,191,206
/app/Repos/pandas/pandas/sparse/tests/test_libsparse.py,272,298,/app/Repos/pandas/pandas/sparse/tests/test_libsparse.py,273,296
/app/Repos/pandas/pandas/tests/test_groupby.py,675,702,/app/Repos/pandas/pandas/tests/test_groupby.py,752,761
/app/Repos/pandas/pandas/tests/test_groupby.py,702,730,/app/Repos/pandas/pandas/tests/test_groupby.py,752,761
/app/Repos/pandas/pandas/tests/test_groupby.py,884,913,/app/Repos/pandas/pandas/tests/test_groupby.py,891,910
/app/Repos/pandas/pandas/sparse/tests/test_sparse.py,264,273,/app/Repos/pandas/pandas/sparse/tests/test_sparse.py,781,790
/app/Repos/pandas/pandas/tests/test_tseries.py,26,42,/app/Repos/pandas/pandas/tests/test_tseries.py,42,59
/app/Repos/pandas/pandas/tests/test_series.py,257,263,/app/Repos/pandas/pandas/tests/test_frame.py,1228,1251
/app/Repos/pandas/pandas/sparse/tests/test_libsparse.py,272,298,/app/Repos/pandas/pandas/sparse/tests/test_libsparse.py,299,332
/app/Repos/pandas/pandas/sparse/tests/test_libsparse.py,273,296,/app/Repos/pandas/pandas/sparse/tests/test_libsparse.py,299,332
/app/Repos/pandas/pandas/sparse/tests/test_libsparse.py,298,336,/app/Repos/pandas/pandas/sparse/tests/test_libsparse.py,299,332
/app/Repos/pandas/pandas/util/decorators.py,122,173,/app/Repos/pandas/pandas/util/decorators.py,161,172
/app/Repos/pandas/pandas/sparse/panel.py,406,423,/app/Repos/pandas/pandas/sparse/panel.py,423,443
/app/Repos/pandas/pandas/sparse/panel.py,472,494,/app/Repos/pandas/pandas/sparse/frame.py,733,763
/app/Repos/pandas/pandas/sparse/tests/test_sparse.py,264,273,/app/Repos/pandas/pandas/sparse/tests/test_sparse.py,1301,1309
/app/Repos/pandas/pandas/tests/test_series.py,902,944,/app/Repos/pandas/pandas/tests/test_series.py,906,934
/app/Repos/pandas/pandas/sparse/tests/test_sparse.py,617,639,/app/Repos/pandas/pandas/sparse/tests/test_sparse.py,1171,1191
/app/Repos/pandas/pandas/tests/test_series.py,472,477,/app/Repos/pandas/pandas/tests/test_series.py,477,482
/app/Repos/pandas/pandas/sparse/tests/test_sparse.py,1238,1249,/app/Repos/pandas/pandas/sparse/tests/test_sparse.py,1260,1270
/app/Repos/pandas/pandas/sparse/tests/test_sparse.py,1249,1260,/app/Repos/pandas/pandas/sparse/tests/test_sparse.py,1260,1270
/app/Repos/pandas/pandas/sparse/tests/test_sparse.py,921,971,/app/Repos/pandas/pandas/sparse/tests/test_sparse.py,922,969
/app/Repos/pandas/pandas/tests/test_series.py,1552,1558,/app/Repos/pandas/pandas/tests/test_series.py,1558,1564
/app/Repos/pandas/pandas/tests/test_series.py,882,892,/app/Repos/pandas/pandas/tests/test_series.py,944,957
/app/Repos/pandas/pandas/tests/test_series.py,892,902,/app/Repos/pandas/pandas/tests/test_series.py,944,957
/app/Repos/pandas/pandas/sparse/tests/test_sparse.py,669,696,/app/Repos/pandas/pandas/sparse/tests/test_sparse.py,1129,1137
/app/Repos/pandas/pandas/sparse/tests/test_sparse.py,781,790,/app/Repos/pandas/pandas/sparse/tests/test_sparse.py,1301,1309
/app/Repos/pandas/pandas/tests/test_series.py,1721,1744,/app/Repos/pandas/pandas/tests/test_series.py,1722,1732
/app/Repos/pandas/pandas/tests/test_series.py,670,695,/app/Repos/pandas/pandas/tests/test_frame.py,406,431
/app/Repos/pandas/pandas/tests/test_series.py,1837,1851,/app/Repos/pandas/pandas/tests/test_series.py,1851,1867
/app/Repos/pandas/pandas/sparse/array.py,20,44,/app/Repos/pandas/pandas/sparse/series.py,30,57
/app/Repos/pandas/pandas/sparse/array.py,25,41,/app/Repos/pandas/pandas/sparse/series.py,30,57
/app/Repos/pandas/pandas/sparse/tests/test_sparse.py,1072,1129,/app/Repos/pandas/pandas/sparse/tests/test_sparse.py,1074,1115
/app/Repos/pandas/pandas/sparse/tests/test_sparse.py,1144,1164,/app/Repos/pandas/pandas/sparse/tests/test_sparse.py,1145,1157
/app/Repos/pandas/pandas/sparse/tests/test_sparse.py,1238,1249,/app/Repos/pandas/pandas/sparse/tests/test_sparse.py,1249,1260
/app/Repos/pandas/pandas/sparse/tests/test_sparse.py,1171,1191,/app/Repos/pandas/pandas/sparse/tests/test_sparse.py,1172,1189
/app/Repos/pandas/pandas/sparse/tests/test_sparse.py,1378,1404,/app/Repos/pandas/pandas/sparse/tests/test_sparse.py,1379,1386
/app/Repos/pandas/pandas/sparse/tests/test_sparse.py,617,639,/app/Repos/pandas/pandas/sparse/tests/test_sparse.py,1172,1189
/app/Repos/pandas/pandas/sparse/tests/test_sparse.py,1353,1364,/app/Repos/pandas/pandas/sparse/tests/test_sparse.py,1354,1359
/app/Repos/pandas/pandas/sparse/tests/test_sparse.py,1404,1430,/app/Repos/pandas/pandas/sparse/tests/test_sparse.py,1405,1428
/app/Repos/pandas/pandas/tests/test_series.py,1418,1425,/app/Repos/pandas/pandas/tests/test_series.py,1441,1466
/app/Repos/pandas/pandas/sparse/tests/test_sparse.py,639,651,/app/Repos/pandas/pandas/sparse/tests/test_sparse.py,1202,1208
/app/Repos/pandas/pandas/sparse/tests/test_sparse.py,1430,1441,/app/Repos/pandas/pandas/sparse/tests/test_sparse.py,1442,1450
/app/Repos/pandas/pandas/sparse/tests/test_sparse.py,1441,1452,/app/Repos/pandas/pandas/sparse/tests/test_sparse.py,1442,1450
/app/Repos/pandas/pandas/sparse/tests/test_sparse.py,1319,1336,/app/Repos/pandas/pandas/sparse/tests/test_sparse.py,1320,1327
/app/Repos/pandas/pandas/sparse/array.py,20,44,/app/Repos/pandas/pandas/sparse/array.py,25,41
/app/Repos/pandas/pandas/stats/ols.py,757,783,/app/Repos/pandas/pandas/stats/ols.py,783,820
/app/Repos/pandas/pandas/sparse/tests/test_sparse.py,883,895,/app/Repos/pandas/pandas/tests/test_frame.py,843,866
/app/Repos/pandas/pandas/tests/test_series.py,1594,1644,/app/Repos/pandas/pandas/tests/test_frame.py,2806,2847
/app/Repos/pandas/pandas/tests/test_series.py,1279,1302,/app/Repos/pandas/pandas/tests/test_series.py,1334,1349
/app/Repos/pandas/pandas/sparse/tests/test_sparse.py,814,867,/app/Repos/pandas/pandas/sparse/tests/test_sparse.py,817,831
/app/Repos/pandas/pandas/tests/test_series.py,882,892,/app/Repos/pandas/pandas/tests/test_series.py,892,902
/app/Repos/pandas/pandas/tests/test_series.py,1015,1057,/app/Repos/pandas/pandas/tests/test_series.py,1019,1027
/app/Repos/pandas/pandas/tests/test_series.py,1851,1867,/app/Repos/pandas/pandas/tests/test_series.py,1867,1874
/app/Repos/pandas/pandas/sparse/tests/test_sparse.py,1430,1441,/app/Repos/pandas/pandas/sparse/tests/test_sparse.py,1441,1452
/app/Repos/pandas/pandas/tests/test_series.py,803,810,/app/Repos/pandas/pandas/tests/test_series.py,1782,1807
/app/Repos/pandas/pandas/sparse/tests/test_sparse.py,982,997,/app/Repos/pandas/pandas/tests/test_frame.py,1858,1866
/app/Repos/pandas/pandas/stats/ols.py,155,188,/app/Repos/pandas/pandas/stats/ols.py,840,886
/app/Repos/pandas/pandas/sparse/array.py,20,44,/app/Repos/pandas/pandas/sparse/series.py,35,54
/app/Repos/pandas/pandas/sparse/array.py,25,41,/app/Repos/pandas/pandas/sparse/series.py,35,54
/app/Repos/pandas/pandas/tests/test_series.py,1015,1057,/app/Repos/pandas/pandas/tests/test_series.py,1027,1042
/app/Repos/pandas/pandas/tests/test_frame.py,431,519,/app/Repos/pandas/pandas/tests/test_frame.py,737,753
/app/Repos/pandas/pandas/tests/test_series.py,1090,1111,/app/Repos/pandas/pandas/tests/test_series.py,1111,1132
/app/Repos/pandas/pandas/tests/test_series.py,1200,1245,/app/Repos/pandas/pandas/tests/test_series.py,1201,1228
/app/Repos/pandas/pandas/stats/ols.py,976,1021,/app/Repos/pandas/pandas/stats/ols.py,1044,1070
/app/Repos/pandas/pandas/tests/test_frame.py,113,121,/app/Repos/pandas/pandas/tests/test_frame.py,3252,3283
/app/Repos/pandas/pandas/stats/fama_macbeth.py,28,44,/app/Repos/pandas/pandas/stats/fama_macbeth.py,139,156
/app/Repos/pandas/pandas/tests/test_frame.py,1123,1133,/app/Repos/pandas/pandas/tests/test_frame.py,1133,1139
/app/Repos/pandas/pandas/tests/test_frame.py,1543,1549,/app/Repos/pandas/pandas/tests/test_frame.py,1549,1569
/app/Repos/pandas/pandas/tests/test_frame.py,2587,2605,/app/Repos/pandas/pandas/tests/test_frame.py,2591,2596
/app/Repos/pandas/pandas/sparse/array.py,312,324,/app/Repos/pandas/pandas/sparse/series.py,362,375
/app/Repos/pandas/pandas/tests/test_frame.py,3332,3362,/app/Repos/pandas/pandas/tests/test_frame.py,3340,3349
/app/Repos/pandas/pandas/tests/test_frame.py,3336,3354,/app/Repos/pandas/pandas/tests/test_frame.py,3340,3349
/app/Repos/pandas/pandas/stats/moments.py,375,388,/app/Repos/pandas/pandas/stats/moments.py,404,428
/app/Repos/pandas/pandas/tests/test_frame.py,1726,1733,/app/Repos/pandas/pandas/tests/test_frame.py,1733,1747
/app/Repos/pandas/pandas/tests/test_frame.py,3252,3283,/app/Repos/pandas/pandas/tests/test_frame.py,3310,3315
/app/Repos/pandas/pandas/tests/test_frame.py,690,699,/app/Repos/pandas/pandas/tests/test_frame.py,699,713
/app/Repos/pandas/pandas/tests/test_frame.py,3252,3283,/app/Repos/pandas/pandas/tests/test_frame.py,3388,3394
/app/Repos/pandas/pandas/tests/test_frame.py,3295,3310,/app/Repos/pandas/pandas/tests/test_frame.py,3388,3394
/app/Repos/pandas/pandas/tests/test_frame.py,804,811,/app/Repos/pandas/pandas/tests/test_frame.py,837,843
/app/Repos/pandas/pandas/tests/test_frame.py,804,811,/app/Repos/pandas/pandas/tests/test_frame.py,968,975
/app/Repos/pandas/pandas/tests/test_frame.py,837,843,/app/Repos/pandas/pandas/tests/test_frame.py,968,975
/app/Repos/pandas/pandas/sparse/array.py,351,367,/app/Repos/pandas/pandas/sparse/array.py,384,404
/app/Repos/pandas/pandas/tests/test_frame.py,1908,1946,/app/Repos/pandas/pandas/tests/test_frame.py,1918,1925
/app/Repos/pandas/pandas/tests/test_frame.py,1911,1918,/app/Repos/pandas/pandas/tests/test_frame.py,1918,1925
/app/Repos/pandas/pandas/tests/test_frame.py,642,690,/app/Repos/pandas/pandas/tests/test_frame.py,737,753
/app/Repos/pandas/pandas/tests/test_frame.py,881,908,/app/Repos/pandas/pandas/tests/test_frame.py,908,933
/app/Repos/pandas/pandas/tests/test_frame.py,2587,2605,/app/Repos/pandas/pandas/tests/test_frame.py,2605,2618
/app/Repos/pandas/pandas/sparse/array.py,108,142,/app/Repos/pandas/pandas/sparse/series.py,75,142
/app/Repos/pandas/pandas/stats/moments.py,133,143,/app/Repos/pandas/pandas/stats/moments.py,136,141
/app/Repos/pandas/pandas/stats/moments.py,283,298,/app/Repos/pandas/pandas/stats/moments.py,298,306
/app/Repos/pandas/pandas/tests/test_frame.py,1291,1342,/app/Repos/pandas/pandas/tests/test_frame.py,1342,1400
/app/Repos/pandas/pandas/sparse/series.py,30,57,/app/Repos/pandas/pandas/sparse/series.py,35,54
/app/Repos/pandas/pandas/tests/test_frame.py,811,837,/app/Repos/pandas/pandas/tests/test_frame.py,818,825
/app/Repos/pandas/pandas/stats/moments.py,123,133,/app/Repos/pandas/pandas/stats/moments.py,126,131
/app/Repos/pandas/pandas/stats/moments.py,375,388,/app/Repos/pandas/pandas/stats/moments.py,428,451
/app/Repos/pandas/pandas/tests/test_frame.py,1908,1946,/app/Repos/pandas/pandas/tests/test_frame.py,1911,1918
/app/Repos/pandas/pandas/stats/moments.py,308,326,/app/Repos/pandas/pandas/stats/moments.py,326,340
/app/Repos/pandas/pandas/sandbox/stats/rls.py,64,79,/app/Repos/pandas/pandas/sandbox/stats/rls.py,88,100
/app/Repos/pandas/pandas/tests/test_frame.py,2123,2151,/app/Repos/pandas/pandas/tests/test_frame.py,2129,2144
/app/Repos/pandas/pandas/tests/test_frame.py,2186,2233,/app/Repos/pandas/pandas/tests/test_frame.py,2368,2437
/app/Repos/pandas/pandas/tests/test_frame.py,1950,1964,/app/Repos/pandas/pandas/tests/test_frame.py,2679,2693
/app/Repos/pandas/pandas/tests/test_frame.py,2666,2679,/app/Repos/pandas/pandas/tests/test_frame.py,2679,2693
/app/Repos/pandas/pandas/tests/test_frame.py,3332,3362,/app/Repos/pandas/pandas/tests/test_frame.py,3336,3354
/app/Repos/pandas/pandas/stats/moments.py,375,388,/app/Repos/pandas/pandas/stats/moments.py,376,386
/app/Repos/pandas/pandas/stats/moments.py,376,386,/app/Repos/pandas/pandas/stats/moments.py,428,451
/app/Repos/pandas/pandas/stats/moments.py,404,428,/app/Repos/pandas/pandas/stats/moments.py,428,451
/app/Repos/pandas/pandas/stats/tests/test_var.py,46,52,/app/Repos/pandas/pandas/stats/tests/test_var.py,52,58
/app/Repos/pandas/pandas/tests/test_index.py,489,524,/app/Repos/pandas/pandas/tests/test_index.py,524,560
/app/Repos/pandas/pandas/sparse/tests/test_list.py,27,37,/app/Repos/pandas/pandas/sparse/tests/test_list.py,37,47
/app/Repos/pandas/pandas/tests/test_format.py,183,229,/app/Repos/pandas/pandas/tests/test_format.py,229,238
/app/Repos/pandas/pandas/stats/tests/test_ols.py,333,344,/app/Repos/pandas/pandas/stats/tests/test_ols.py,377,388
/app/Repos/pandas/pandas/stats/tests/test_ols.py,344,354,/app/Repos/pandas/pandas/stats/tests/test_ols.py,377,388
/app/Repos/pandas/pandas/stats/tests/test_ols.py,354,362,/app/Repos/pandas/pandas/stats/tests/test_ols.py,377,388
/app/Repos/pandas/pandas/tests/test_index.py,112,132,/app/Repos/pandas/pandas/tests/test_index.py,117,125
/app/Repos/pandas/pandas/tests/test_index.py,471,477,/app/Repos/pandas/pandas/tests/test_index.py,483,489
/app/Repos/pandas/pandas/stats/moments.py,376,386,/app/Repos/pandas/pandas/stats/moments.py,404,428
/app/Repos/pandas/pandas/tests/test_index.py,477,483,/app/Repos/pandas/pandas/tests/test_index.py,483,489
/app/Repos/pandas/pandas/tests/test_index.py,248,270,/app/Repos/pandas/pandas/tests/test_index.py,249,259
/app/Repos/pandas/pandas/tests/test_index.py,1095,1129,/app/Repos/pandas/pandas/tests/test_index.py,1129,1152
/app/Repos/pandas/pandas/tests/test_format.py,165,174,/app/Repos/pandas/pandas/tests/test_format.py,174,183
/app/Repos/pandas/pandas/sparse/tests/test_list.py,57,75,/app/Repos/pandas/pandas/sparse/tests/test_list.py,75,88
/app/Repos/pandas/pandas/sparse/tests/test_list.py,37,47,/app/Repos/pandas/pandas/sparse/tests/test_list.py,75,88
/app/Repos/pandas/pandas/tests/test_index.py,1326,1368,/app/Repos/pandas/pandas/tests/test_index.py,1327,1351
/app/Repos/pandas/pandas/sparse/tests/test_list.py,37,47,/app/Repos/pandas/pandas/sparse/tests/test_list.py,88,100
/app/Repos/pandas/pandas/stats/tests/test_ols.py,736,743,/app/Repos/pandas/pandas/stats/tests/test_ols.py,743,750
/app/Repos/pandas/pandas/tests/test_index.py,174,201,/app/Repos/pandas/pandas/tests/test_index.py,234,248
/app/Repos/pandas/pandas/tests/test_index.py,471,477,/app/Repos/pandas/pandas/tests/test_index.py,477,483
/app/Repos/pandas/pandas/stats/tests/test_ols.py,736,743,/app/Repos/pandas/pandas/stats/tests/test_ols.py,750,760
/app/Repos/pandas/pandas/stats/tests/test_ols.py,743,750,/app/Repos/pandas/pandas/stats/tests/test_ols.py,750,760
/app/Repos/pandas/pandas/tests/test_index.py,854,883,/app/Repos/pandas/pandas/tests/test_index.py,900,915
/app/Repos/pandas/pandas/stats/tests/test_var.py,46,52,/app/Repos/pandas/pandas/stats/tests/test_var.py,58,65
/app/Repos/pandas/pandas/stats/tests/test_var.py,52,58,/app/Repos/pandas/pandas/stats/tests/test_var.py,58,65
/app/Repos/pandas/pandas/tests/test_index.py,834,850,/app/Repos/pandas/pandas/tests/test_index.py,900,915
/app/Repos/pandas/pandas/sparse/tests/test_list.py,37,47,/app/Repos/pandas/pandas/sparse/tests/test_list.py,57,75
/app/Repos/pandas/pandas/tests/test_index.py,489,524,/app/Repos/pandas/pandas/tests/test_index.py,560,586
/app/Repos/pandas/pandas/tests/test_index.py,524,560,/app/Repos/pandas/pandas/tests/test_index.py,560,586
/app/Repos/pandas/pandas/tests/test_index.py,696,707,/app/Repos/pandas/pandas/tests/test_index.py,976,1000
/app/Repos/pandas/pandas/tests/test_index.py,1202,1225,/app/Repos/pandas/pandas/tests/test_index.py,1225,1247
/app/Repos/pandas/pandas/tests/test_index.py,160,174,/app/Repos/pandas/pandas/tests/test_index.py,174,201
/app/Repos/pandas/pandas/stats/tests/test_ols.py,333,344,/app/Repos/pandas/pandas/stats/tests/test_ols.py,354,362
/app/Repos/pandas/pandas/stats/tests/test_ols.py,344,354,/app/Repos/pandas/pandas/stats/tests/test_ols.py,354,362
/app/Repos/pandas/pandas/tests/test_index.py,489,524,/app/Repos/pandas/pandas/tests/test_index.py,586,613
/app/Repos/pandas/pandas/tests/test_index.py,524,560,/app/Repos/pandas/pandas/tests/test_index.py,586,613
/app/Repos/pandas/pandas/stats/tests/test_ols.py,760,770,/app/Repos/pandas/pandas/stats/tests/test_ols.py,770,780
/app/Repos/pandas/pandas/tests/test_index.py,560,586,/app/Repos/pandas/pandas/tests/test_index.py,586,613
/app/Repos/pandas/pandas/tests/test_index.py,696,707,/app/Repos/pandas/pandas/tests/test_index.py,1000,1038
/app/Repos/pandas/pandas/tests/test_index.py,324,343,/app/Repos/pandas/pandas/tests/test_index.py,1000,1038
/app/Repos/pandas/pandas/tests/test_index.py,834,850,/app/Repos/pandas/pandas/tests/test_index.py,1051,1095
/app/Repos/pandas/pandas/tests/test_index.py,1042,1048,/app/Repos/pandas/pandas/tests/test_index.py,1386,1395
/app/Repos/pandas/pandas/tests/test_format.py,115,165,/app/Repos/pandas/pandas/tests/test_format.py,264,292
/app/Repos/pandas/pandas/stats/tests/test_ols.py,258,279,/app/Repos/pandas/pandas/stats/tests/test_ols.py,285,292
/app/Repos/pandas/pandas/tests/test_index.py,900,915,/app/Repos/pandas/pandas/tests/test_index.py,1051,1095
/app/Repos/pandas/pandas/stats/tests/test_ols.py,354,362,/app/Repos/pandas/pandas/stats/tests/test_ols.py,362,377
/app/Repos/pandas/pandas/stats/tests/test_ols.py,241,258,/app/Repos/pandas/pandas/stats/tests/test_ols.py,362,377
/app/Repos/pandas/pandas/tests/test_index.py,696,707,/app/Repos/pandas/pandas/tests/test_index.py,1051,1095
/app/Repos/pandas/pandas/tests/test_index.py,956,976,/app/Repos/pandas/pandas/tests/test_index.py,1051,1095
/app/Repos/pandas/pandas/stats/tests/test_ols.py,500,511,/app/Repos/pandas/pandas/stats/tests/test_ols.py,511,523
/app/Repos/pandas/pandas/stats/tests/test_ols.py,191,224,/app/Repos/pandas/pandas/stats/tests/test_ols.py,651,682
/app/Repos/pandas/pandas/tests/test_index.py,854,883,/app/Repos/pandas/pandas/tests/test_index.py,1292,1305
/app/Repos/pandas/pandas/tests/test_index.py,900,915,/app/Repos/pandas/pandas/tests/test_index.py,1292,1305
/app/Repos/pandas/pandas/sparse/frame.py,410,439,/app/Repos/pandas/pandas/sparse/frame.py,439,459
/app/Repos/pandas/pandas/tests/test_index.py,834,850,/app/Repos/pandas/pandas/tests/test_index.py,1292,1305
/app/Repos/pandas/pandas/stats/tests/test_ols.py,333,344,/app/Repos/pandas/pandas/stats/tests/test_ols.py,344,354
/app/Repos/pandas/pandas/tests/test_index.py,1051,1095,/app/Repos/pandas/pandas/tests/test_index.py,1292,1305
/app/Repos/pandas/pandas/tests/test_index.py,1273,1292,/app/Repos/pandas/pandas/tests/test_index.py,1292,1305
/app/Repos/pandas/pandas/stats/tests/test_ols.py,476,488,/app/Repos/pandas/pandas/stats/tests/test_ols.py,488,500
/app/Repos/pandas/pandas/stats/tests/test_ols.py,151,187,/app/Repos/pandas/pandas/stats/tests/test_ols.py,616,644
/app/Repos/pandas/pandas/sparse/tests/test_list.py,37,47,/app/Repos/pandas/pandas/sparse/tests/test_list.py,47,57
/app/Repos/pandas/pandas/stats/tests/test_ols.py,258,279,/app/Repos/pandas/pandas/stats/tests/test_ols.py,302,309
/app/Repos/pandas/pandas/stats/tests/test_ols.py,523,536,/app/Repos/pandas/pandas/stats/tests/test_ols.py,536,550
