/app/Repos/pandas/bench/serialize.py,68,76,/app/Repos/pandas/bench/io_roundtrip.py,91,100
/app/Repos/pandas/scripts/bench_join.py,37,44,/app/Repos/pandas/scripts/bench_join.py,44,51
/app/Repos/pandas/doc/sphinxext/phantom_import.py,32,163,/app/Repos/pandas/doc/sphinxext/phantom_import.py,78,92
/app/Repos/pandas/scripts/groupby_sample.py,21,28,/app/Repos/pandas/scripts/groupby_sample.py,28,35
/app/Repos/pandas/scripts/bench_join.py,77,84,/app/Repos/pandas/scripts/bench_join.py,95,106
/app/Repos/pandas/scripts/bench_join.py,84,95,/app/Repos/pandas/scripts/bench_join.py,95,106
/app/Repos/pandas/doc/sphinxext/autosummary.py,178,259,/app/Repos/pandas/doc/sphinxext/autosummary.py,206,221
/app/Repos/pandas/scripts/bench_join.py,56,71,/app/Repos/pandas/scripts/bench_join.py,77,84
/app/Repos/pandas/bench/test.py,12,28,/app/Repos/pandas/bench/test.py,28,42
/app/Repos/pandas/bench/bench_tseries.py,140,175,/app/Repos/pandas/bench/bench_tseries.py,164,173
/app/Repos/pandas/doc/sphinxext/phantom_import.py,32,163,/app/Repos/pandas/doc/sphinxext/phantom_import.py,63,76
/app/Repos/pandas/scripts/bench_join.py,77,84,/app/Repos/pandas/scripts/bench_join.py,84,95
/app/Repos/pandas/doc/sphinxext/docscrape_sphinx.py,36,49,/app/Repos/pandas/doc/sphinxext/docscrape_sphinx.py,57,98
/app/Repos/pandas/doc/sphinxext/traitsdoc.py,30,77,/app/Repos/pandas/doc/sphinxext/docscrape.py,87,112
/app/Repos/pandas/doc/sphinxext/compiler_unparse.py,97,105,/app/Repos/pandas/doc/sphinxext/compiler_unparse.py,167,178
/app/Repos/pandas/doc/sphinxext/compiler_unparse.py,156,167,/app/Repos/pandas/doc/sphinxext/compiler_unparse.py,167,178
/app/Repos/pandas/doc/sphinxext/compiler_unparse.py,239,253,/app/Repos/pandas/doc/sphinxext/compiler_unparse.py,321,333
/app/Repos/pandas/doc/sphinxext/docscrape_sphinx.py,123,139,/app/Repos/pandas/doc/sphinxext/docscrape.py,369,379
/app/Repos/pandas/bench/bench_tseries.py,71,112,/app/Repos/pandas/bench/bench_tseries.py,90,109
/app/Repos/pandas/scripts/testmed.py,29,38,/app/Repos/pandas/scripts/testmed.py,38,64
/app/Repos/pandas/doc/sphinxext/traitsdoc.py,114,137,/app/Repos/pandas/doc/sphinxext/docscrape_sphinx.py,208,227
/app/Repos/pandas/scripts/testmed.py,38,64,/app/Repos/pandas/scripts/testmed.py,64,85
/app/Repos/pandas/doc/sphinxext/compiler_unparse.py,97,105,/app/Repos/pandas/doc/sphinxext/compiler_unparse.py,156,167
/app/Repos/pandas/doc/sphinxext/autosummary.py,90,114,/app/Repos/pandas/doc/sphinxext/autosummary.py,98,112
/app/Repos/pandas/doc/sphinxext/compiler_unparse.py,288,311,/app/Repos/pandas/doc/sphinxext/compiler_unparse.py,311,321
/app/Repos/pandas/doc/sphinxext/comment_eater.py,22,29,/app/Repos/pandas/doc/sphinxext/comment_eater.py,42,50
/app/Repos/pandas/doc/sphinxext/docscrape_sphinx.py,175,193,/app/Repos/pandas/doc/sphinxext/docscrape.py,379,396
/app/Repos/pandas/doc/sphinxext/docscrape.py,189,244,/app/Repos/pandas/doc/sphinxext/docscrape.py,199,210
/app/Repos/pandas/doc/sphinxext/traitsdoc.py,83,100,/app/Repos/pandas/doc/sphinxext/docscrape_sphinx.py,175,193
/app/Repos/pandas/doc/sphinxext/docscrape_sphinx.py,36,49,/app/Repos/pandas/doc/sphinxext/docscrape.py,326,336
/app/Repos/pandas/doc/sphinxext/docscrape_sphinx.py,57,98,/app/Repos/pandas/doc/sphinxext/docscrape.py,326,336
/app/Repos/pandas/doc/sphinxext/compiler_unparse.py,97,105,/app/Repos/pandas/doc/sphinxext/compiler_unparse.py,340,348
/app/Repos/pandas/doc/sphinxext/compiler_unparse.py,156,167,/app/Repos/pandas/doc/sphinxext/compiler_unparse.py,340,348
/app/Repos/pandas/doc/sphinxext/compiler_unparse.py,167,178,/app/Repos/pandas/doc/sphinxext/compiler_unparse.py,340,348
/app/Repos/pandas/doc/sphinxext/compiler_unparse.py,132,145,/app/Repos/pandas/doc/sphinxext/compiler_unparse.py,462,481
/app/Repos/pandas/doc/sphinxext/compiler_unparse.py,97,105,/app/Repos/pandas/doc/sphinxext/compiler_unparse.py,367,375
/app/Repos/pandas/doc/sphinxext/compiler_unparse.py,156,167,/app/Repos/pandas/doc/sphinxext/compiler_unparse.py,367,375
/app/Repos/pandas/doc/sphinxext/compiler_unparse.py,167,178,/app/Repos/pandas/doc/sphinxext/compiler_unparse.py,367,375
/app/Repos/pandas/doc/sphinxext/compiler_unparse.py,340,348,/app/Repos/pandas/doc/sphinxext/compiler_unparse.py,367,375
/app/Repos/pandas/bench/test.py,51,66,/app/Repos/pandas/pandas/core/frame.py,3013,3049
/app/Repos/pandas/pandas/core/datetools.py,308,325,/app/Repos/pandas/pandas/core/datetools.py,507,536
/app/Repos/pandas/pandas/core/datetools.py,284,294,/app/Repos/pandas/pandas/core/datetools.py,540,549
/app/Repos/pandas/pandas/core/datetools.py,187,196,/app/Repos/pandas/pandas/core/datetools.py,196,205
/app/Repos/pandas/pandas/core/datetools.py,129,151,/app/Repos/pandas/pandas/core/datetools.py,224,242
/app/Repos/pandas/pandas/core/generic.py,309,345,/app/Repos/pandas/pandas/core/generic.py,348,383
/app/Repos/pandas/pandas/core/datetools.py,284,294,/app/Repos/pandas/pandas/core/datetools.py,468,490
/app/Repos/pandas/pandas/core/panel.py,1199,1212,/app/Repos/pandas/pandas/core/frame.py,80,88
/app/Repos/pandas/pandas/core/generic.py,142,166,/app/Repos/pandas/pandas/core/generic.py,166,184
/app/Repos/pandas/pandas/core/datetools.py,335,347,/app/Repos/pandas/pandas/core/datetools.py,394,411
/app/Repos/pandas/pandas/core/panel.py,584,602,/app/Repos/pandas/pandas/core/sparse.py,1605,1634
/app/Repos/pandas/pandas/core/datetools.py,308,325,/app/Repos/pandas/pandas/core/datetools.py,468,490
/app/Repos/pandas/pandas/core/panel.py,619,654,/app/Repos/pandas/pandas/core/frame.py,1341,1382
/app/Repos/pandas/pandas/core/series.py,34,62,/app/Repos/pandas/pandas/core/series.py,39,60
/app/Repos/pandas/pandas/core/datetools.py,284,294,/app/Repos/pandas/pandas/core/datetools.py,558,567
/app/Repos/pandas/pandas/core/generic.py,56,68,/app/Repos/pandas/pandas/core/generic.py,68,79
/app/Repos/pandas/pandas/core/panel.py,941,952,/app/Repos/pandas/pandas/core/panel.py,942,950
/app/Repos/pandas/pandas/core/datetools.py,540,549,/app/Repos/pandas/pandas/core/datetools.py,558,567
/app/Repos/pandas/pandas/core/internals.py,633,646,/app/Repos/pandas/pandas/core/internals.py,681,703
/app/Repos/pandas/pandas/core/internals.py,356,369,/app/Repos/pandas/pandas/core/internals.py,441,473
/app/Repos/pandas/pandas/core/generic.py,383,400,/app/Repos/pandas/pandas/core/panel.py,870,890
/app/Repos/pandas/pandas/core/panel.py,570,581,/app/Repos/pandas/pandas/core/panel.py,1199,1212
/app/Repos/pandas/pandas/core/panel.py,602,619,/app/Repos/pandas/pandas/core/sparse.py,1640,1664
/app/Repos/pandas/pandas/core/panel.py,1199,1212,/app/Repos/pandas/pandas/core/frame.py,65,73
/app/Repos/pandas/pandas/core/panel.py,699,724,/app/Repos/pandas/pandas/core/frame.py,979,1015
/app/Repos/pandas/pandas/core/datetools.py,284,294,/app/Repos/pandas/pandas/core/datetools.py,308,325
/app/Repos/pandas/pandas/core/panel.py,903,920,/app/Repos/pandas/pandas/core/frame.py,2608,2639
/app/Repos/pandas/pandas/core/panel.py,190,226,/app/Repos/pandas/pandas/core/frame.py,109,173
/app/Repos/pandas/pandas/core/panel.py,1459,1471,/app/Repos/pandas/pandas/core/frame.py,3149,3174
/app/Repos/pandas/pandas/core/series.py,233,246,/app/Repos/pandas/pandas/core/sparse.py,272,288
/app/Repos/pandas/pandas/core/panel.py,954,965,/app/Repos/pandas/pandas/core/panel.py,967,978
/app/Repos/pandas/pandas/core/internals.py,646,671,/app/Repos/pandas/pandas/core/sparse.py,1130,1154
/app/Repos/pandas/pandas/core/panel.py,469,478,/app/Repos/pandas/pandas/core/frame.py,732,744
/app/Repos/pandas/pandas/core/panel.py,861,870,/app/Repos/pandas/pandas/core/frame.py,2339,2387
/app/Repos/pandas/pandas/core/daterange.py,360,375,/app/Repos/pandas/pandas/core/daterange.py,375,390
/app/Repos/pandas/pandas/io/tests/test_parsers.py,108,116,/app/Repos/pandas/pandas/io/tests/test_parsers.py,116,124
/app/Repos/pandas/pandas/core/daterange.py,265,299,/app/Repos/pandas/pandas/core/daterange.py,299,331
/app/Repos/pandas/pandas/io/tests/test_pytables.py,67,88,/app/Repos/pandas/pandas/io/tests/test_pytables.py,88,98
/app/Repos/pandas/pandas/core/sparse.py,521,537,/app/Repos/pandas/pandas/core/sparse.py,554,572
/app/Repos/pandas/pandas/core/sparse.py,263,272,/app/Repos/pandas/pandas/core/index.py,980,987
/app/Repos/pandas/pandas/io/tests/test_pytables.py,149,169,/app/Repos/pandas/pandas/io/tests/test_pytables.py,324,343
/app/Repos/pandas/pandas/io/tests/test_parsers.py,60,70,/app/Repos/pandas/pandas/io/tests/test_parsers.py,90,108
/app/Repos/pandas/pandas/core/groupby.py,210,233,/app/Repos/pandas/pandas/core/groupby.py,219,231
/app/Repos/pandas/pandas/io/tests/test_pytables.py,114,120,/app/Repos/pandas/pandas/io/tests/test_pytables.py,343,375
/app/Repos/pandas/pandas/core/indexing.py,284,323,/app/Repos/pandas/pandas/core/indexing.py,303,309
/app/Repos/pandas/pandas/core/sparse.py,707,749,/app/Repos/pandas/pandas/core/frame.py,173,204
/app/Repos/pandas/pandas/io/tests/test_pytables.py,388,402,/app/Repos/pandas/pandas/io/tests/test_pytables.py,402,417
/app/Repos/pandas/pandas/io/tests/test_pytables.py,34,41,/app/Repos/pandas/pandas/io/tests/test_pytables.py,41,49
/app/Repos/pandas/pandas/io/tests/test_pytables.py,88,98,/app/Repos/pandas/pandas/io/tests/test_pytables.py,114,120
/app/Repos/pandas/pandas/io/tests/test_pytables.py,67,88,/app/Repos/pandas/pandas/io/tests/test_pytables.py,114,120
/app/Repos/pandas/pandas/io/tests/test_pytables.py,98,109,/app/Repos/pandas/pandas/io/tests/test_pytables.py,114,120
/app/Repos/pandas/pandas/io/tests/test_pytables.py,240,281,/app/Repos/pandas/pandas/io/tests/test_pytables.py,241,251
/app/Repos/pandas/pandas/io/tests/test_parsers.py,45,60,/app/Repos/pandas/pandas/io/tests/test_parsers.py,60,70
/app/Repos/pandas/pandas/core/sparse.py,66,93,/app/Repos/pandas/pandas/core/sparse.py,71,90
/app/Repos/pandas/pandas/core/groupby.py,359,407,/app/Repos/pandas/pandas/core/groupby.py,364,376
/app/Repos/pandas/pandas/core/sparse.py,1246,1275,/app/Repos/pandas/pandas/core/sparse.py,1275,1300
/app/Repos/pandas/pandas/tests/test_libsparse.py,66,161,/app/Repos/pandas/pandas/tests/test_libsparse.py,67,81
/app/Repos/pandas/pandas/tests/test_libsparse.py,210,216,/app/Repos/pandas/pandas/tests/test_libsparse.py,248,253
/app/Repos/pandas/pandas/core/sparse.py,966,995,/app/Repos/pandas/pandas/core/sparse.py,995,1015
/app/Repos/pandas/pandas/tests/test_libsparse.py,337,345,/app/Repos/pandas/pandas/tests/test_libsparse.py,345,353
/app/Repos/pandas/pandas/tests/test_common.py,152,167,/app/Repos/pandas/pandas/tests/test_common.py,153,161
/app/Repos/pandas/pandas/core/sparse.py,1664,1681,/app/Repos/pandas/pandas/core/sparse.py,1681,1701
/app/Repos/pandas/pandas/tests/test_libsparse.py,161,183,/app/Repos/pandas/pandas/tests/test_libsparse.py,163,175
/app/Repos/pandas/pandas/tests/test_libsparse.py,272,298,/app/Repos/pandas/pandas/tests/test_libsparse.py,298,336
/app/Repos/pandas/pandas/tests/test_common.py,190,199,/app/Repos/pandas/pandas/tests/test_common.py,199,216
/app/Repos/pandas/pandas/tests/test_libsparse.py,253,266,/app/Repos/pandas/pandas/tests/test_libsparse.py,254,264
/app/Repos/pandas/pandas/core/frame.py,64,79,/app/Repos/pandas/pandas/core/frame.py,65,73
/app/Repos/pandas/pandas/tests/test_common.py,12,24,/app/Repos/pandas/pandas/tests/test_common.py,24,43
/app/Repos/pandas/pandas/tests/test_common.py,106,114,/app/Repos/pandas/pandas/tests/test_common.py,114,122
/app/Repos/pandas/pandas/core/frame.py,64,79,/app/Repos/pandas/pandas/core/frame.py,79,97
/app/Repos/pandas/pandas/tests/test_libsparse.py,272,298,/app/Repos/pandas/pandas/tests/test_libsparse.py,299,332
/app/Repos/pandas/pandas/core/frame.py,65,73,/app/Repos/pandas/pandas/core/frame.py,79,97
/app/Repos/pandas/pandas/tests/test_libsparse.py,273,296,/app/Repos/pandas/pandas/tests/test_libsparse.py,299,332
/app/Repos/pandas/pandas/tests/test_libsparse.py,298,336,/app/Repos/pandas/pandas/tests/test_libsparse.py,299,332
/app/Repos/pandas/pandas/core/frame.py,1858,1902,/app/Repos/pandas/pandas/core/frame.py,1881,1892
/app/Repos/pandas/pandas/tests/test_common.py,135,152,/app/Repos/pandas/pandas/tests/test_common.py,136,145
/app/Repos/pandas/pandas/core/frame.py,1520,1538,/app/Repos/pandas/pandas/core/frame.py,1538,1551
/app/Repos/pandas/pandas/tests/test_common.py,152,167,/app/Repos/pandas/pandas/tests/test_common.py,167,190
/app/Repos/pandas/pandas/tests/test_libsparse.py,273,296,/app/Repos/pandas/pandas/tests/test_libsparse.py,298,336
/app/Repos/pandas/pandas/tests/test_common.py,153,161,/app/Repos/pandas/pandas/tests/test_common.py,167,190
/app/Repos/pandas/pandas/core/sparse.py,1207,1243,/app/Repos/pandas/pandas/core/frame.py,1917,1961
/app/Repos/pandas/pandas/tests/test_common.py,190,199,/app/Repos/pandas/pandas/tests/test_common.py,242,266
/app/Repos/pandas/pandas/core/frame.py,1551,1558,/app/Repos/pandas/pandas/core/frame.py,1917,1961
/app/Repos/pandas/pandas/tests/test_common.py,167,190,/app/Repos/pandas/pandas/tests/test_common.py,168,184
/app/Repos/pandas/pandas/tests/test_common.py,153,161,/app/Repos/pandas/pandas/tests/test_common.py,168,184
/app/Repos/pandas/pandas/tests/test_libsparse.py,183,208,/app/Repos/pandas/pandas/tests/test_libsparse.py,191,206
/app/Repos/pandas/pandas/tests/test_libsparse.py,272,298,/app/Repos/pandas/pandas/tests/test_libsparse.py,273,296
/app/Repos/pandas/pandas/core/frame.py,79,97,/app/Repos/pandas/pandas/core/frame.py,80,88
/app/Repos/pandas/pandas/core/frame.py,64,79,/app/Repos/pandas/pandas/core/frame.py,80,88
/app/Repos/pandas/pandas/core/frame.py,65,73,/app/Repos/pandas/pandas/core/frame.py,80,88
/app/Repos/pandas/pandas/core/frame.py,1056,1065,/app/Repos/pandas/pandas/core/frame.py,1065,1074
/app/Repos/pandas/pandas/core/frame.py,1551,1558,/app/Repos/pandas/pandas/core/frame.py,1558,1570
/app/Repos/pandas/pandas/core/sparse.py,1038,1046,/app/Repos/pandas/pandas/core/frame.py,1558,1570
/app/Repos/pandas/pandas/core/frame.py,2441,2462,/app/Repos/pandas/pandas/core/frame.py,2462,2483
/app/Repos/pandas/pandas/core/frame.py,2530,2561,/app/Repos/pandas/pandas/core/frame.py,2549,2559
/app/Repos/pandas/pandas/core/frame.py,2608,2639,/app/Repos/pandas/pandas/core/frame.py,2657,2696
/app/Repos/pandas/pandas/core/index.py,367,414,/app/Repos/pandas/pandas/core/index.py,633,654
/app/Repos/pandas/pandas/core/index.py,132,143,/app/Repos/pandas/pandas/core/index.py,998,1023
/app/Repos/pandas/pandas/core/index.py,143,161,/app/Repos/pandas/pandas/core/index.py,1030,1052
/app/Repos/pandas/pandas/tests/test_daterange.py,51,56,/app/Repos/pandas/pandas/tests/test_daterange.py,56,73
/app/Repos/pandas/pandas/core/index.py,183,198,/app/Repos/pandas/pandas/core/index.py,1387,1416
/app/Repos/pandas/pandas/core/index.py,1429,1453,/app/Repos/pandas/pandas/core/index.py,1453,1476
/app/Repos/pandas/pandas/tests/test_common.py,199,216,/app/Repos/pandas/pandas/tests/test_common.py,242,266
/app/Repos/pandas/pandas/core/index.py,250,291,/app/Repos/pandas/pandas/core/index.py,691,702
/app/Repos/pandas/pandas/core/common.py,498,506,/app/Repos/pandas/pandas/core/common.py,509,517
/app/Repos/pandas/pandas/core/index.py,533,552,/app/Repos/pandas/pandas/core/index.py,1055,1090
/app/Repos/pandas/pandas/core/index.py,691,702,/app/Repos/pandas/pandas/core/index.py,704,713
/app/Repos/pandas/pandas/core/index.py,297,328,/app/Repos/pandas/pandas/core/index.py,691,702
/app/Repos/pandas/pandas/core/index.py,1387,1416,/app/Repos/pandas/pandas/core/index.py,1416,1429
/app/Repos/pandas/pandas/core/common.py,182,229,/app/Repos/pandas/pandas/core/common.py,235,246
/app/Repos/pandas/pandas/io/sql.py,58,68,/app/Repos/pandas/pandas/io/sql.py,199,208
/app/Repos/pandas/pandas/tests/test_daterange.py,34,41,/app/Repos/pandas/pandas/tests/test_datetools.py,538,574
/app/Repos/pandas/pandas/tests/test_daterange.py,34,41,/app/Repos/pandas/pandas/tests/test_datetools.py,147,192
/app/Repos/pandas/pandas/core/common.py,358,381,/app/Repos/pandas/pandas/core/common.py,388,413
/app/Repos/pandas/pandas/io/sql.py,72,92,/app/Repos/pandas/pandas/io/sql.py,166,178
/app/Repos/pandas/pandas/io/data.py,65,102,/app/Repos/pandas/pandas/io/data.py,102,131
/app/Repos/pandas/pandas/tests/test_daterange.py,34,41,/app/Repos/pandas/pandas/tests/test_datetools.py,334,372
/app/Repos/pandas/pandas/tests/test_daterange.py,34,41,/app/Repos/pandas/pandas/tests/test_datetools.py,382,420
/app/Repos/pandas/pandas/tests/test_daterange.py,34,41,/app/Repos/pandas/pandas/tests/test_datetools.py,210,243
/app/Repos/pandas/pandas/tests/test_panel.py,178,199,/app/Repos/pandas/pandas/tests/test_panel.py,993,1030
/app/Repos/pandas/pandas/tests/test_daterange.py,34,41,/app/Repos/pandas/pandas/tests/test_datetools.py,438,498
/app/Repos/pandas/pandas/tests/test_common.py,216,226,/app/Repos/pandas/pandas/tests/test_common.py,226,242
/app/Repos/pandas/pandas/tests/test_panel.py,232,269,/app/Repos/pandas/pandas/tests/test_panel.py,233,261
/app/Repos/pandas/pandas/tests/test_tseries.py,26,42,/app/Repos/pandas/pandas/tests/test_tseries.py,42,59
/app/Repos/pandas/pandas/tests/test_panel.py,614,659,/app/Repos/pandas/pandas/tests/test_panel.py,659,667
/app/Repos/pandas/pandas/tests/test_sparse.py,274,303,/app/Repos/pandas/pandas/tests/test_sparse.py,275,288
/app/Repos/pandas/pandas/tests/test_sparse.py,407,446,/app/Repos/pandas/pandas/tests/test_sparse.py,408,418
/app/Repos/pandas/pandas/tests/test_sparse.py,446,485,/app/Repos/pandas/pandas/tests/test_sparse.py,449,462
/app/Repos/pandas/pandas/tests/test_sparse.py,259,268,/app/Repos/pandas/pandas/tests/test_sparse.py,717,725
/app/Repos/pandas/pandas/tests/test_sparse.py,844,894,/app/Repos/pandas/pandas/tests/test_sparse.py,845,892
/app/Repos/pandas/pandas/tests/test_sparse.py,573,595,/app/Repos/pandas/pandas/tests/test_sparse.py,1087,1107
/app/Repos/pandas/pandas/tests/test_sparse.py,1140,1151,/app/Repos/pandas/pandas/tests/test_sparse.py,1162,1172
/app/Repos/pandas/pandas/tests/test_sparse.py,1151,1162,/app/Repos/pandas/pandas/tests/test_sparse.py,1162,1172
/app/Repos/pandas/pandas/tests/test_tseries.py,75,89,/app/Repos/pandas/pandas/tests/test_tseries.py,89,103
/app/Repos/pandas/pandas/io/parsers.py,12,78,/app/Repos/pandas/pandas/io/parsers.py,78,110
/app/Repos/pandas/pandas/tests/test_sparse.py,534,561,/app/Repos/pandas/pandas/tests/test_sparse.py,535,545
/app/Repos/pandas/pandas/tests/test_panel.py,372,384,/app/Repos/pandas/pandas/tests/test_panel.py,390,401
/app/Repos/pandas/pandas/tests/test_sparse.py,612,639,/app/Repos/pandas/pandas/tests/test_sparse.py,1045,1053
/app/Repos/pandas/pandas/tests/test_sparse.py,1140,1151,/app/Repos/pandas/pandas/tests/test_sparse.py,1151,1162
/app/Repos/pandas/pandas/tests/test_tseries.py,26,42,/app/Repos/pandas/pandas/tests/test_tseries.py,59,75
/app/Repos/pandas/pandas/tests/test_sparse.py,1060,1080,/app/Repos/pandas/pandas/tests/test_sparse.py,1061,1073
/app/Repos/pandas/pandas/tests/test_tseries.py,42,59,/app/Repos/pandas/pandas/tests/test_tseries.py,59,75
/app/Repos/pandas/pandas/tests/test_sparse.py,259,268,/app/Repos/pandas/pandas/tests/test_sparse.py,1203,1211
/app/Repos/pandas/pandas/tests/test_sparse.py,1272,1298,/app/Repos/pandas/pandas/tests/test_sparse.py,1273,1280
/app/Repos/pandas/pandas/tests/test_sparse.py,717,725,/app/Repos/pandas/pandas/tests/test_sparse.py,1203,1211
/app/Repos/pandas/pandas/tests/test_sparse.py,353,399,/app/Repos/pandas/pandas/tests/test_sparse.py,354,361
/app/Repos/pandas/pandas/tests/test_sparse.py,1298,1324,/app/Repos/pandas/pandas/tests/test_sparse.py,1299,1322
/app/Repos/pandas/pandas/tests/test_sparse.py,595,606,/app/Repos/pandas/pandas/tests/test_sparse.py,1116,1122
/app/Repos/pandas/pandas/tests/test_sparse.py,361,378,/app/Repos/pandas/pandas/tests/test_series.py,560,599
/app/Repos/pandas/pandas/tests/test_sparse.py,353,399,/app/Repos/pandas/pandas/tests/test_series.py,570,585
/app/Repos/pandas/pandas/tests/test_sparse.py,361,378,/app/Repos/pandas/pandas/tests/test_series.py,570,585
/app/Repos/pandas/pandas/tests/test_panel.py,384,390,/app/Repos/pandas/pandas/tests/test_panel.py,401,408
/app/Repos/pandas/pandas/tests/test_sparse.py,259,268,/app/Repos/pandas/pandas/tests/test_sparse.py,260,266
/app/Repos/pandas/pandas/tests/test_sparse.py,353,399,/app/Repos/pandas/pandas/tests/test_sparse.py,361,378
/app/Repos/pandas/pandas/tests/test_sparse.py,988,1045,/app/Repos/pandas/pandas/tests/test_sparse.py,990,1031
/app/Repos/pandas/pandas/tests/test_sparse.py,320,343,/app/Repos/pandas/pandas/tests/test_sparse.py,321,333
/app/Repos/pandas/pandas/tests/test_sparse.py,446,485,/app/Repos/pandas/pandas/tests/test_sparse.py,462,472
/app/Repos/pandas/pandas/tests/test_sparse.py,749,802,/app/Repos/pandas/pandas/tests/test_sparse.py,752,766
/app/Repos/pandas/pandas/tests/test_sparse.py,1087,1107,/app/Repos/pandas/pandas/tests/test_sparse.py,1088,1105
/app/Repos/pandas/pandas/tests/test_sparse.py,573,595,/app/Repos/pandas/pandas/tests/test_sparse.py,1088,1105
/app/Repos/pandas/pandas/tests/test_sparse.py,1221,1241,/app/Repos/pandas/pandas/tests/test_sparse.py,1222,1232
/app/Repos/pandas/pandas/tests/test_sparse.py,898,913,/app/Repos/pandas/pandas/tests/test_frame.py,1284,1292
/app/Repos/pandas/pandas/tests/test_sparse.py,1324,1335,/app/Repos/pandas/pandas/tests/test_sparse.py,1336,1344
/app/Repos/pandas/pandas/tests/test_sparse.py,1335,1346,/app/Repos/pandas/pandas/tests/test_sparse.py,1336,1344
/app/Repos/pandas/pandas/sandbox/stats/rls.py,64,79,/app/Repos/pandas/pandas/sandbox/stats/rls.py,88,100
/app/Repos/pandas/pandas/stats/misc.py,150,182,/app/Repos/pandas/pandas/stats/misc.py,171,180
/app/Repos/pandas/pandas/stats/ols.py,306,328,/app/Repos/pandas/pandas/stats/ols.py,952,997
/app/Repos/pandas/pandas/stats/misc.py,74,82,/app/Repos/pandas/pandas/stats/misc.py,241,257
/app/Repos/pandas/pandas/stats/tests/test_moments.py,73,81,/app/Repos/pandas/pandas/stats/tests/test_moments.py,74,79
/app/Repos/pandas/pandas/stats/tests/test_moments.py,118,149,/app/Repos/pandas/pandas/stats/tests/test_moments.py,204,220
/app/Repos/pandas/pandas/stats/ols.py,136,169,/app/Repos/pandas/pandas/stats/ols.py,816,862
/app/Repos/pandas/pandas/stats/tests/test_moments.py,149,183,/app/Repos/pandas/pandas/stats/tests/test_moments.py,220,227
/app/Repos/pandas/pandas/stats/tests/test_moments.py,89,97,/app/Repos/pandas/pandas/stats/tests/test_moments.py,97,105
/app/Repos/pandas/pandas/tests/test_datetools.py,140,147,/app/Repos/pandas/pandas/tests/test_datetools.py,372,380
/app/Repos/pandas/pandas/stats/tests/test_moments.py,227,234,/app/Repos/pandas/pandas/stats/tests/test_moments.py,234,250
/app/Repos/pandas/pandas/stats/tests/test_ols_filter.py,43,50,/app/Repos/pandas/pandas/stats/tests/test_ols_filter.py,50,60
/app/Repos/pandas/pandas/tests/test_datetools.py,334,372,/app/Repos/pandas/pandas/tests/test_datetools.py,592,609
/app/Repos/pandas/pandas/tests/test_sparse.py,1324,1335,/app/Repos/pandas/pandas/tests/test_sparse.py,1335,1346
/app/Repos/pandas/pandas/stats/tests/test_ols_filter.py,36,43,/app/Repos/pandas/pandas/stats/tests/test_ols_filter.py,43,50
/app/Repos/pandas/pandas/tests/test_multilevel.py,264,280,/app/Repos/pandas/pandas/tests/test_multilevel.py,265,271
/app/Repos/pandas/pandas/stats/ols.py,734,759,/app/Repos/pandas/pandas/stats/ols.py,759,796
/app/Repos/pandas/pandas/tests/test_datetools.py,372,380,/app/Repos/pandas/pandas/tests/test_datetools.py,420,428
/app/Repos/pandas/pandas/tests/test_datetools.py,140,147,/app/Repos/pandas/pandas/tests/test_datetools.py,420,428
/app/Repos/pandas/pandas/stats/ols.py,952,997,/app/Repos/pandas/pandas/stats/ols.py,1020,1046
/app/Repos/pandas/pandas/tests/test_datetools.py,498,536,/app/Repos/pandas/pandas/tests/test_datetools.py,616,626
/app/Repos/pandas/pandas/tests/test_datetools.py,372,380,/app/Repos/pandas/pandas/tests/test_datetools.py,616,626
/app/Repos/pandas/pandas/tests/test_datetools.py,420,428,/app/Repos/pandas/pandas/tests/test_datetools.py,616,626
/app/Repos/pandas/pandas/stats/tests/common.py,88,127,/app/Repos/pandas/pandas/stats/tests/common.py,127,153
/app/Repos/pandas/pandas/stats/ols.py,1092,1103,/app/Repos/pandas/pandas/stats/plm.py,708,721
/app/Repos/pandas/pandas/stats/tests/test_ols_filter.py,60,70,/app/Repos/pandas/pandas/stats/tests/test_ols_filter.py,70,80
/app/Repos/pandas/pandas/tests/test_datetools.py,438,498,/app/Repos/pandas/pandas/tests/test_datetools.py,592,609
/app/Repos/pandas/pandas/tests/test_datetools.py,372,380,/app/Repos/pandas/pandas/tests/test_datetools.py,498,536
/app/Repos/pandas/pandas/tests/test_datetools.py,538,574,/app/Repos/pandas/pandas/tests/test_datetools.py,592,609
/app/Repos/pandas/pandas/tests/test_datetools.py,420,428,/app/Repos/pandas/pandas/tests/test_datetools.py,498,536
/app/Repos/pandas/pandas/tests/test_datetools.py,140,147,/app/Repos/pandas/pandas/tests/test_datetools.py,498,536
/app/Repos/pandas/pandas/tests/test_datetools.py,147,192,/app/Repos/pandas/pandas/tests/test_datetools.py,210,243
/app/Repos/pandas/pandas/tests/test_multilevel.py,163,179,/app/Repos/pandas/pandas/tests/test_multilevel.py,456,477
/app/Repos/pandas/pandas/tests/test_datetools.py,760,769,/app/Repos/pandas/pandas/tests/test_datetools.py,769,778
/app/Repos/pandas/pandas/tests/test_datetools.py,334,372,/app/Repos/pandas/pandas/tests/test_datetools.py,382,420
/app/Repos/pandas/pandas/tests/test_datetools.py,140,147,/app/Repos/pandas/pandas/tests/test_datetools.py,574,586
/app/Repos/pandas/pandas/tests/test_datetools.py,372,380,/app/Repos/pandas/pandas/tests/test_datetools.py,574,586
/app/Repos/pandas/pandas/tests/test_datetools.py,420,428,/app/Repos/pandas/pandas/tests/test_datetools.py,574,586
/app/Repos/pandas/pandas/tests/test_datetools.py,498,536,/app/Repos/pandas/pandas/tests/test_datetools.py,574,586
/app/Repos/pandas/pandas/stats/ols.py,514,525,/app/Repos/pandas/pandas/stats/plm.py,557,590
/app/Repos/pandas/pandas/tests/test_datetools.py,760,769,/app/Repos/pandas/pandas/tests/test_datetools.py,778,787
/app/Repos/pandas/pandas/tests/test_datetools.py,538,574,/app/Repos/pandas/pandas/tests/test_datetools.py,628,661
/app/Repos/pandas/pandas/tests/test_datetools.py,769,778,/app/Repos/pandas/pandas/tests/test_datetools.py,778,787
/app/Repos/pandas/pandas/tests/test_datetools.py,382,420,/app/Repos/pandas/pandas/tests/test_datetools.py,675,708
/app/Repos/pandas/pandas/tests/test_datetools.py,592,609,/app/Repos/pandas/pandas/tests/test_datetools.py,628,661
/app/Repos/pandas/pandas/tests/test_datetools.py,538,574,/app/Repos/pandas/pandas/tests/test_datetools.py,675,708
/app/Repos/pandas/pandas/tests/test_datetools.py,592,609,/app/Repos/pandas/pandas/tests/test_datetools.py,675,708
/app/Repos/pandas/pandas/tests/test_datetools.py,372,380,/app/Repos/pandas/pandas/tests/test_datetools.py,708,720
/app/Repos/pandas/pandas/tests/test_datetools.py,420,428,/app/Repos/pandas/pandas/tests/test_datetools.py,708,720
/app/Repos/pandas/pandas/tests/test_datetools.py,498,536,/app/Repos/pandas/pandas/tests/test_datetools.py,708,720
/app/Repos/pandas/pandas/tests/test_datetools.py,661,673,/app/Repos/pandas/pandas/tests/test_datetools.py,708,720
/app/Repos/pandas/pandas/tests/test_datetools.py,140,147,/app/Repos/pandas/pandas/tests/test_datetools.py,708,720
/app/Repos/pandas/pandas/tests/test_datetools.py,628,661,/app/Repos/pandas/pandas/tests/test_datetools.py,675,708
/app/Repos/pandas/pandas/tests/test_datetools.py,574,586,/app/Repos/pandas/pandas/tests/test_datetools.py,708,720
/app/Repos/pandas/pandas/tests/test_datetools.py,616,626,/app/Repos/pandas/pandas/tests/test_datetools.py,661,673
/app/Repos/pandas/pandas/tests/test_datetools.py,372,380,/app/Repos/pandas/pandas/tests/test_datetools.py,661,673
/app/Repos/pandas/pandas/tests/test_datetools.py,420,428,/app/Repos/pandas/pandas/tests/test_datetools.py,661,673
/app/Repos/pandas/pandas/tests/test_datetools.py,498,536,/app/Repos/pandas/pandas/tests/test_datetools.py,661,673
/app/Repos/pandas/pandas/tests/test_datetools.py,574,586,/app/Repos/pandas/pandas/tests/test_datetools.py,661,673
/app/Repos/pandas/pandas/tests/test_datetools.py,140,147,/app/Repos/pandas/pandas/tests/test_datetools.py,661,673
/app/Repos/pandas/pandas/tests/test_groupby.py,162,188,/app/Repos/pandas/pandas/tests/test_groupby.py,163,181
/app/Repos/pandas/pandas/tests/test_groupby.py,63,107,/app/Repos/pandas/pandas/tests/test_groupby.py,199,211
/app/Repos/pandas/pandas/tests/test_groupby.py,211,240,/app/Repos/pandas/pandas/tests/test_groupby.py,240,246
/app/Repos/pandas/pandas/tests/test_groupby.py,627,656,/app/Repos/pandas/pandas/tests/test_groupby.py,634,653
/app/Repos/pandas/pandas/tests/test_groupby.py,398,416,/app/Repos/pandas/pandas/tests/test_groupby.py,416,448
/app/Repos/pandas/pandas/tests/test_groupby.py,107,113,/app/Repos/pandas/pandas/tests/test_groupby.py,312,328
/app/Repos/pandas/pandas/stats/fama_macbeth.py,28,44,/app/Repos/pandas/pandas/stats/fama_macbeth.py,144,161
/app/Repos/pandas/pandas/tests/test_groupby.py,107,113,/app/Repos/pandas/pandas/tests/test_groupby.py,211,240
/app/Repos/pandas/pandas/tests/test_groupby.py,289,297,/app/Repos/pandas/pandas/tests/test_groupby.py,304,312
/app/Repos/pandas/pandas/tests/test_groupby.py,297,304,/app/Repos/pandas/pandas/tests/test_groupby.py,304,312
/app/Repos/pandas/pandas/tests/test_groupby.py,107,113,/app/Repos/pandas/pandas/tests/test_groupby.py,304,312
/app/Repos/pandas/pandas/stats/tests/test_ols.py,267,278,/app/Repos/pandas/pandas/stats/tests/test_ols.py,288,296
/app/Repos/pandas/pandas/stats/tests/test_ols.py,267,278,/app/Repos/pandas/pandas/stats/tests/test_ols.py,311,322
/app/Repos/pandas/pandas/stats/tests/test_ols.py,278,288,/app/Repos/pandas/pandas/stats/tests/test_ols.py,288,296
/app/Repos/pandas/pandas/stats/tests/test_ols.py,278,288,/app/Repos/pandas/pandas/stats/tests/test_ols.py,311,322
/app/Repos/pandas/pandas/stats/tests/test_ols.py,288,296,/app/Repos/pandas/pandas/stats/tests/test_ols.py,311,322
/app/Repos/pandas/pandas/tests/test_groupby.py,487,520,/app/Repos/pandas/pandas/tests/test_groupby.py,491,511
/app/Repos/pandas/pandas/stats/tests/test_ols.py,438,450,/app/Repos/pandas/pandas/stats/tests/test_ols.py,463,476
/app/Repos/pandas/pandas/stats/tests/test_ols.py,450,463,/app/Repos/pandas/pandas/stats/tests/test_ols.py,463,476
/app/Repos/pandas/pandas/sandbox/functions.py,7,16,/app/Repos/pandas/pandas/sandbox/functions.py,27,33
/app/Repos/pandas/pandas/stats/tests/test_ols.py,103,138,/app/Repos/pandas/pandas/stats/tests/test_ols.py,563,591
/app/Repos/pandas/pandas/stats/tests/test_ols.py,142,170,/app/Repos/pandas/pandas/stats/tests/test_ols.py,598,629
/app/Repos/pandas/pandas/tests/test_series.py,560,599,/app/Repos/pandas/pandas/tests/test_series.py,570,585
/app/Repos/pandas/pandas/stats/tests/test_ols.py,192,213,/app/Repos/pandas/pandas/stats/tests/test_ols.py,219,226
/app/Repos/pandas/pandas/stats/tests/test_ols.py,369,404,/app/Repos/pandas/pandas/stats/tests/test_ols.py,404,414
/app/Repos/pandas/pandas/tests/test_series.py,37,51,/app/Repos/pandas/pandas/tests/test_series.py,55,65
/app/Repos/pandas/pandas/stats/tests/test_ols.py,288,296,/app/Repos/pandas/pandas/stats/tests/test_ols.py,296,311
/app/Repos/pandas/pandas/stats/tests/test_ols.py,175,192,/app/Repos/pandas/pandas/stats/tests/test_ols.py,296,311
/app/Repos/pandas/pandas/sandbox/functions.py,7,16,/app/Repos/pandas/pandas/sandbox/functions.py,33,39
/app/Repos/pandas/pandas/sandbox/functions.py,27,33,/app/Repos/pandas/pandas/sandbox/functions.py,33,39
/app/Repos/pandas/pandas/sandbox/functions.py,7,16,/app/Repos/pandas/pandas/sandbox/functions.py,39,45
/app/Repos/pandas/pandas/tests/test_series.py,755,762,/app/Repos/pandas/pandas/tests/test_series.py,778,803
/app/Repos/pandas/pandas/tests/test_groupby.py,107,113,/app/Repos/pandas/pandas/tests/test_groupby.py,740,751
/app/Repos/pandas/pandas/sandbox/functions.py,27,33,/app/Repos/pandas/pandas/sandbox/functions.py,39,45
/app/Repos/pandas/pandas/sandbox/functions.py,33,39,/app/Repos/pandas/pandas/sandbox/functions.py,39,45
/app/Repos/pandas/pandas/stats/tests/test_ols.py,267,278,/app/Repos/pandas/pandas/stats/tests/test_ols.py,278,288
/app/Repos/pandas/pandas/stats/tests/test_ols.py,438,450,/app/Repos/pandas/pandas/stats/tests/test_ols.py,450,463
/app/Repos/pandas/pandas/stats/tests/test_ols.py,192,213,/app/Repos/pandas/pandas/stats/tests/test_ols.py,236,243
/app/Repos/pandas/pandas/stats/tests/test_ols.py,414,426,/app/Repos/pandas/pandas/stats/tests/test_ols.py,426,438
/app/Repos/pandas/pandas/stats/tests/test_ols.py,438,450,/app/Repos/pandas/pandas/stats/tests/test_ols.py,476,490
/app/Repos/pandas/pandas/tests/test_series.py,828,834,/app/Repos/pandas/pandas/tests/test_series.py,834,840
/app/Repos/pandas/pandas/stats/tests/test_ols.py,450,463,/app/Repos/pandas/pandas/stats/tests/test_ols.py,476,490
/app/Repos/pandas/pandas/tests/test_series.py,649,694,/app/Repos/pandas/pandas/tests/test_series.py,650,677
/app/Repos/pandas/pandas/stats/tests/test_ols.py,463,476,/app/Repos/pandas/pandas/stats/tests/test_ols.py,476,490
/app/Repos/pandas/pandas/tests/test_series.py,447,454,/app/Repos/pandas/pandas/tests/test_series.py,1024,1049
/app/Repos/pandas/pandas/tests/test_series.py,981,995,/app/Repos/pandas/pandas/tests/test_series.py,982,992
/app/Repos/pandas/pandas/stats/moments.py,306,319,/app/Repos/pandas/pandas/stats/moments.py,335,359
/app/Repos/pandas/pandas/stats/moments.py,307,315,/app/Repos/pandas/pandas/stats/moments.py,335,359
/app/Repos/pandas/pandas/stats/moments.py,306,319,/app/Repos/pandas/pandas/stats/moments.py,307,315
/app/Repos/pandas/pandas/tests/test_frame.py,520,529,/app/Repos/pandas/pandas/tests/test_frame.py,529,543
/app/Repos/pandas/pandas/tests/test_series.py,1093,1109,/app/Repos/pandas/pandas/tests/test_series.py,1109,1116
/app/Repos/pandas/pandas/stats/moments.py,167,183,/app/Repos/pandas/pandas/stats/moments.py,183,195
/app/Repos/pandas/pandas/stats/moments.py,146,159,/app/Repos/pandas/pandas/stats/moments.py,159,165
/app/Repos/pandas/pandas/tests/test_frame.py,472,520,/app/Repos/pandas/pandas/tests/test_frame.py,567,583
/app/Repos/pandas/pandas/tests/test_frame.py,784,791,/app/Repos/pandas/pandas/tests/test_frame.py,791,797
/app/Repos/pandas/pandas/tests/test_frame.py,1329,1343,/app/Repos/pandas/pandas/tests/test_frame.py,1794,1808
/app/Repos/pandas/pandas/stats/tests/test_var.py,46,52,/app/Repos/pandas/pandas/stats/tests/test_var.py,58,65
/app/Repos/pandas/pandas/stats/tests/test_var.py,52,58,/app/Repos/pandas/pandas/stats/tests/test_var.py,58,65
/app/Repos/pandas/pandas/tests/test_series.py,1079,1093,/app/Repos/pandas/pandas/tests/test_series.py,1093,1109
/app/Repos/pandas/pandas/tests/test_frame.py,1781,1794,/app/Repos/pandas/pandas/tests/test_frame.py,1794,1808
/app/Repos/pandas/pandas/tests/test_frame.py,261,349,/app/Repos/pandas/pandas/tests/test_frame.py,567,583
/app/Repos/pandas/pandas/tests/test_series.py,870,920,/app/Repos/pandas/pandas/tests/test_frame.py,1870,1911
/app/Repos/pandas/pandas/stats/moments.py,306,319,/app/Repos/pandas/pandas/stats/moments.py,359,382
/app/Repos/pandas/pandas/stats/moments.py,307,315,/app/Repos/pandas/pandas/stats/moments.py,359,382
/app/Repos/pandas/pandas/stats/moments.py,335,359,/app/Repos/pandas/pandas/stats/moments.py,359,382
/app/Repos/pandas/pandas/tests/test_frame.py,1470,1498,/app/Repos/pandas/pandas/tests/test_frame.py,1476,1491
/app/Repos/pandas/pandas/stats/tests/test_var.py,46,52,/app/Repos/pandas/pandas/stats/tests/test_var.py,52,58
/app/Repos/pandas/pandas/tests/test_frame.py,2228,2250,/app/Repos/pandas/pandas/tests/test_frame.py,2262,2267
/app/Repos/pandas/pandas/tests/test_index.py,155,172,/app/Repos/pandas/pandas/tests/test_index.py,194,208
/app/Repos/pandas/pandas/tests/test_index.py,364,370,/app/Repos/pandas/pandas/tests/test_index.py,370,376
/app/Repos/pandas/pandas/tests/test_index.py,364,370,/app/Repos/pandas/pandas/tests/test_index.py,376,382
/app/Repos/pandas/pandas/stats/plm.py,250,284,/app/Repos/pandas/pandas/stats/plm.py,284,330
/app/Repos/pandas/pandas/tests/test_index.py,370,376,/app/Repos/pandas/pandas/tests/test_index.py,376,382
/app/Repos/pandas/pandas/tests/test_index.py,524,535,/app/Repos/pandas/pandas/tests/test_index.py,535,543
/app/Repos/pandas/pandas/tests/test_index.py,141,155,/app/Repos/pandas/pandas/tests/test_index.py,155,172
/app/Repos/pandas/pandas/tests/test_index.py,93,113,/app/Repos/pandas/pandas/tests/test_index.py,98,106
/app/Repos/pandas/pandas/tests/test_index.py,208,226,/app/Repos/pandas/pandas/tests/test_index.py,209,218
/app/Repos/pandas/pandas/tests/test_index.py,640,656,/app/Repos/pandas/pandas/tests/test_index.py,673,688
/app/Repos/pandas/pandas/tests/test_index.py,382,417,/app/Repos/pandas/pandas/tests/test_index.py,479,506
/app/Repos/pandas/pandas/tests/test_index.py,857,878,/app/Repos/pandas/pandas/tests/test_index.py,878,894
/app/Repos/pandas/pandas/tests/test_frame.py,2364,2416,/app/Repos/pandas/pandas/tests/test_frame.py,2476,2489
/app/Repos/pandas/pandas/tests/test_index.py,417,453,/app/Repos/pandas/pandas/tests/test_index.py,479,506
/app/Repos/pandas/pandas/tests/test_index.py,382,417,/app/Repos/pandas/pandas/tests/test_index.py,417,453
/app/Repos/pandas/pandas/tests/test_frame.py,2439,2476,/app/Repos/pandas/pandas/tests/test_frame.py,2476,2489
/app/Repos/pandas/pandas/tests/test_index.py,382,417,/app/Repos/pandas/pandas/tests/test_index.py,453,479
/app/Repos/pandas/pandas/tests/test_frame.py,2784,2807,/app/Repos/pandas/pandas/tests/test_frame.py,2807,2831
/app/Repos/pandas/pandas/tests/test_index.py,453,479,/app/Repos/pandas/pandas/tests/test_index.py,479,506
/app/Repos/pandas/pandas/tests/test_frame.py,2967,2977,/app/Repos/pandas/pandas/tests/test_frame.py,3014,3023
/app/Repos/pandas/pandas/tests/test_index.py,561,572,/app/Repos/pandas/pandas/tests/test_index.py,822,857
/app/Repos/pandas/pandas/tests/test_frame.py,2123,2132,/app/Repos/pandas/pandas/tests/test_frame.py,3014,3023
/app/Repos/pandas/pandas/tests/test_index.py,417,453,/app/Repos/pandas/pandas/tests/test_index.py,453,479
/app/Repos/pandas/pandas/tests/test_index.py,561,572,/app/Repos/pandas/pandas/tests/test_index.py,749,770
/app/Repos/pandas/pandas/tests/test_index.py,729,749,/app/Repos/pandas/pandas/tests/test_index.py,822,857
/app/Repos/pandas/pandas/tests/test_index.py,561,572,/app/Repos/pandas/pandas/tests/test_index.py,770,805
/app/Repos/pandas/pandas/tests/test_index.py,257,276,/app/Repos/pandas/pandas/tests/test_index.py,770,805
